2015-09-25 11:07:30,"1930 COLCHESTER,FLINT,48503",0,0,true
2015-09-29 14:35:09,"1505 W COURT ST/POWERS CATHOLIC SCH,FLINT,48503",0,0,true
2015-09-30 13:06:52,"605 GARLAND ST/2,FLINT,48503",0,220,true
2015-09-30 13:07:02,"4307 OGEMA AVE,FLINT,48507",0,0,true
2015-10-01 11:10:35,"2422 BASSETT PLACE,FLINT,48504",0,140,true
2015-10-01 11:10:36,"3729 WOODROW AVE,FLINT,48506",0,0,true
2015-10-01 11:10:38,"3617 CHURCHILL AVE,FLINT,48506",0,50,true
2015-10-01 11:10:41,"1222 INGLESIDE AVE,FLINT,48507",0,270,true
2015-10-01 12:46:38,"605 CHANDLER,FLINT,48503",0,330,true
2015-10-02 09:54:53,"1359 DONALDSON #2,FLINT,48504",0,0,true
2015-10-02 09:54:55,"3701 N AVERILL AVE,FLINT,48506",0,0,true
2015-10-02 09:54:58,"1359 DONALDSON ST,FLINT,48504",0,80,true
2015-10-02 09:55:07,"G3139 HOGARTH AVE #1,FLINT,48532",0,170,true
2015-10-02 09:55:09,"G3139 HOGARTH AVE,FLINT,48532",0,70,true
2015-10-02 09:55:16,"23009 PIERCE ST #2,FLINT,48503",0,0,true
2015-10-02 09:55:19,"1001 KENSINGTON AVE,FLINT,48503",0,0,true
2015-10-02 09:55:22,"2309 PIERCE ST,FLINT,48503",0,0,true
2015-10-06 12:07:30,"1401 S DORT HWY #4,FLINT,48503",0,0,true
2015-10-06 12:07:32,"1401 S DORT HWY #5,FLINT,48503",0,360,true
2015-10-06 12:07:33,"3314 DEARBORN ST,FLINT,48507",0,170,true
2015-10-06 12:07:34,"3837 RISEDORPH AVE #2,FLINT,48506",0,0,true
2015-10-06 12:07:35,"1806 E WEBSTER RD LOT 168,FLINT,48505",0,0,true
2015-10-06 12:07:38,"3837 RISEDORPH AVE #1,FLINT,48506",0,0,true
2015-10-06 12:07:43,"2319 BAGLEY ST,FLINT,48504",0,0,true
2015-10-06 12:07:53,"3201 COLORADO AVE,FLINT,48506",0,0,true
2015-10-06 12:07:56,"2400 N SAGINAW BLDG C,FLINT,48505",0,60,true
2015-10-06 12:08:08,"2429 KANSAS #1,FLINT,48506",0,0,true
2015-10-06 12:08:11,"2429 KANSAS #2,FLINT,48506",0,0,true
2015-10-06 12:08:13,"1401 S DORT HWY #1,FLINT,48503",0,340,true
2015-10-06 12:08:15,"1401 S DORT HWY #2,FLINT,48503",0,490,true
2015-10-06 12:08:18,"4307 BERGER DR,FLINT,48504",0,0,true
2015-10-08 16:00:18,"G3376 BRANCH RD,FLINT,",0,0,true
2015-10-08 16:00:26,"1107 BEARD ST,FLINT,48503",0,0,true
2015-10-08 16:00:40,"211 W OAKLEY ST #7,FLINT,48503",0,0,true
2015-10-08 16:00:42,"211 W OAKLEY ST #6,FLINT,48503",0,0,true
2015-10-08 16:00:44,"211 W OAKLEY ST #5,FLINT,48503",0,0,true
2015-10-08 16:00:45,"211 W OAKLEY ST #4,FLINT,48503",0,500,true
2015-10-08 16:00:49,"211 W OAKLEY ST #12,FLINT,48503",0,0,true
2015-10-08 16:00:50,"211 W OAKLEY ST #11,FLINT,48503",0,0,true
2015-10-08 16:00:51,"211 W OAKLEY ST #10,FLINT,48503",0,0,true
2015-10-08 16:00:52,"211 W OAKLEY ST #9,FLINT,48503",0,0,true
2015-10-08 16:00:53,"211 W OAKLEY ST #8,FLINT,48503",0,0,true
2015-10-08 16:00:55,"2013 WEAVER ST,FLINT,48506",0,0,true
2015-10-08 16:00:58,"3447 BARTH ST,FLINT,48504",0,0,true
2015-10-08 16:01:07,"2309 WISCONSIN AVE,FLINT,48506",0,80,true
2015-10-08 16:01:09,"3701 WOODROW AVE,FLINT,48506",0,0,true
2015-10-08 16:01:12,"3807 N CENTER RD,FLINT,48506",0,260,true
2015-10-08 16:01:13,"3310 E COURT ST,FLINT,48506",0,110,true
2015-10-08 16:01:16,"5813 GRIGGS DR,FLINT,48504",0,0,true
2015-10-08 16:01:25,"3810 HERRICK ST,FLINT,48532",0,0,true
2015-10-13 14:29:40,"1101 S SAGINAW ST RM N102,FLINT,48502",0,340,true
2015-10-13 14:29:44,"3713 SHERRY DR,FLINT,48506",0,0,true
2015-10-13 14:29:45,"4123 COGGINS AVE,FLINT,48506",0,90,true
2015-10-13 14:29:00,"3418 GRATIOT AVE,FLINT,48503",0,240,true
2015-10-13 14:29:53,"3514 BRANDON ST,FLINT,48503",0,0,true
2015-10-13 14:29:54,"336 BUCKINGHAM AVE,FLINT,",0,0,true
2015-10-13 14:29:58,"1160 DUPONT ST,FLINT,48504",0,0,true
2015-10-13 14:30:01,"414 CHALMERS ST,FLINT,48503",0,0,true
2015-10-13 14:30:07,"3800 RICHFIELD RD,FLINT,",0,0,true
2015-10-13 14:30:09,"822 FRANK ST,FLINT,48504",0,230,true
2015-10-13 14:30:10,"2516 NOLEN DR,FLINT,48504",0,150,true
2015-10-13 14:30:12,"3224 N AVERILL AVE,FLINT,48506",0,0,true
2015-10-13 14:30:13,"3741 JOAL LN,FLINT,48506",0,0,true
2015-10-13 14:30:20,"1401 WOODLAWN PARK DR,FLINT,48503",0,50,true
2015-10-13 14:30:31,"902 E COURT ST,FLINT,48503",0,0,true
2015-10-13 14:30:34,"820 GARLAND,FLINT,48505",0,0,true
2015-10-13 14:30:35,"1160 DUPONT ST,FLINT,48504",0,0,true
2015-10-13 14:30:39,"518 MASON ST,FLINT,48503",0,150,true
2015-10-13 14:30:44,"4060 MARTIN LUTHER KING AVE,FLINT,",0,0,true
2015-10-13 14:30:47,"1705 LAUREL OAK DR,FLINT,48507",0,70,true
2015-10-13 14:30:48,"2010 CASTLE LN,FLINT,48504",0,0,true
2015-10-13 14:30:50,"906 GARLAND,FLINT,48505",0,0,true
2015-10-16 08:29:51,"422 CHALMERS ST,FLINT,48503",0,0,true
2015-10-16 08:29:53,"3248 PROSPECT ST,FLINT,48504",0,0,true
2015-10-16 08:29:56,"2306 MOUNTAIN AVE,FLINT,48503",0,0,true
2015-10-16 08:30:03,"3730 DELAWARE AVE,FLINT,48506",0,0,true
2015-10-16 08:30:07,"932 INGLESIDE,FLINT,48507",0,60,true
2015-10-16 08:30:11,"5714 BALDWIN BLVD,FLINT,",0,0,true
2015-10-20 15:06:52,"555 S SAGINAW ST,FLINT,48502",0,190,true
2015-10-20 15:06:53,"1002 MCKEIGHAN AVE,FLINT,48507",0,0,true
2015-10-20 15:06:55,"2820 S SAGINAW ST,FLINT,48503",0,520,true
2015-10-20 15:06:56,"119 N GRAND TRAVERSE,FLINT,48503",0,0,true
2015-10-20 15:06:58,"987 SALISBURY AVE,FLINT,48532",0,430,true
2015-10-20 15:07:00,"3813 CHEROKEE AVE,FLINT,48507",0,0,true
2015-10-20 15:07:07,"5905 MARLOWE DR,FLINT,48504",0,50,true
2015-10-20 15:07:09,"2820 S SAGINAW ST,FLINT,48503",0,610,true
2015-10-20 15:07:11,"3813 CHEROKEE AVE,FLINT,48507",0,0,true
2015-10-20 15:07:13,"317 W PIERSON RD,FLINT,",0,130,true
2015-10-20 15:07:16,"3821 CHEROKEE AVE,FLINT,48507",0,0,true
2015-10-20 15:07:21,"2820 S SAGINAW ST,FLINT,48503",0,560,true
2015-10-20 15:07:25,"3510 WHITTIER AVE,FLINT,48506",0,0,true
2015-10-20 15:07:27,"2820 S SAGINAW ST,FLINT,48503",0,590,true
2015-10-20 15:07:28,"2820 S SAGINAW ST,FLINT,48503",0,530,true
2015-10-20 15:07:29,"2820 S SAGINAW ST,FLINT,48503",0,610,true
2015-10-20 15:07:32,"2820 S SAGINAW ST,FLINT,48503",0,630,true
2015-10-20 15:07:36,"2820 S SAGINAW ST,FLINT,48503",0,710,true
2015-10-20 15:07:37,"2820 S SAGINAW ST,FLINT,48503",0,670,true
2015-10-20 15:07:38,"2820 S SAGINAW ST,FLINT,48503",0,450,true
2015-10-20 15:07:39,"2820 S SAGINAW ST,FLINT,48503",0,910,true
2015-10-20 15:07:44,"2820 S SAGINAW ST,FLINT,48503",0,800,true
2015-10-20 15:07:46,"2820 S SAGINAW ST,FLINT,48503",0,800,true
2015-10-26 15:42:01,"3813 CHEROKEE AVE #1,FLINT,48507",0,0,true
2015-10-26 15:42:03,"1549 E ATHERTON RD,FLINT,48507",0,0,true
2015-10-26 15:42:04,"4025 PENGELLY RD APT #10,FLINT,48507",0,0,true
2015-10-26 15:42:07,"3709 CLAIRMONT ST,FLINT,48532",0,80,true
2015-10-26 15:42:14,"3746 RICHFIELD RD,FLINT,48506",0,0,true
2015-10-26 15:42:20,"3815 OGEMA AVE,FLINT,48507",0,410,true
2015-10-26 15:42:26,"3813 CHEROKEE AVE #2,FLINT,48507",0,0,true
2015-10-30 11:17:57,"3734 CRAIG DR,FLINT,48506",0,70,true
2015-10-30 11:18:01,"1908 LAUREL OAK DR,FLINT,",0,0,true
2015-10-30 11:18:02,"3738 CRAIG DR,FLINT,48506",0,60,true
2015-10-30 11:18:04,"1701 EAST COURT ST,FLINT,48503",0,0,true
2015-10-30 11:18:05,"2425 FLUSHING RD,FLINT,48504",0,0,true
2015-11-04 12:37:31,"2484 NOLEN DR,FLINT,48504",0,570,true
2015-11-04 12:37:34,"2105 TUSCOLA ST,FLINT,48503",0,0,true
2015-11-04 12:37:35,"1217 MAXINE,FLINT,48503",0,0,true
2015-11-04 12:37:36,"2610 PEWANAGA PL,FLINT,48507",0,320,true
2015-11-04 12:37:37,"2508 PIERCE ST,FLINT,48503",0,0,true
2015-11-04 12:37:43,"3905 KELLAR AVE,FLINT,48504",0,80,true
2015-11-04 12:37:45,"2484 NOLEN DR #2,FLINT,48504",0,0,true
2015-11-04 12:37:46,"1680 N CHEVROLET AVE,FLINT,48504",0,80,true
2015-11-09 15:02:15,"1419 MULBERRY LN,FLINT,48507",0,90,true
2015-11-09 15:02:17,"1715 CRESCENT DR,FLINT,48503",0,100,true
2015-11-09 15:02:20,"718 COLUMBIA LN,FLINT,48503",0,190,true
2015-11-09 15:02:22,"3018 CLEMENT ST,FLINT,48504",0,170,true
2015-11-09 15:02:23,"601 WHITE WILLOW DR,FLINT,48506",0,0,true
2015-11-09 15:02:25,"718 COLUMBIA LN,FLINT,48503",0,190,true
2015-11-09 15:02:26,"718 COLUMBIA LN,FLINT,",0,0,true
2015-11-09 15:02:28,"2006 AITKEN AVE,FLINT,48503",0,0,true
2015-11-09 15:02:30,"718 COLUMBIA LN,FLINT,48503",0,100,true
2015-11-09 15:02:31,"3840 GLOUCESTER ST,FLINT,48503",0,0,true
2015-11-09 15:02:36,"3841 LORRAINE AVE,FLINT,48506",0,60,true
2015-11-09 15:02:37,"3614 ALDON LN,FLINT,48506",0,0,true
2015-11-18 14:32:26,"2101 WINDEMERE AVE,FLINT,48503",0,0,true
2015-11-18 14:32:27,"1963 LAUREL OAK DR,FLINT,48507",0,120,true
2015-11-18 14:32:30,"6622 ELMRIDGE DR,FLINT,",0,0,true
2015-11-18 14:32:33,"2438 MISSOURI AVE,FLINT,48506",0,0,true
2015-11-18 14:32:40,"418 E BALTIMORE BLVD,FLINT,48505",0,0,true
2015-11-18 14:32:41,"2101 WINDEMERE AVE,FLINT,48503",0,0,true
2015-11-18 14:32:43,"313 E LYNDON AVE,FLINT,48505",0,0,true
2015-11-18 14:32:47,"4236 KELLAR AVE,FLINT,48504",0,80,true
2015-11-18 14:32:50,"1043 PINEHURST AVE,FLINT,48507",0,100,true
2015-11-18 14:32:52,"822 W HEMPHILL RD,FLINT,48507",0,0,true
2015-11-18 14:32:53,"6310 FLEMING RD,FLINT,48504",0,50,true
2015-11-18 14:32:54,"3245 MONTANA AVE,FLINT,48506",0,0,true
2015-11-18 14:32:55,"1602 S FRANKLIN AVE,FLINT,48503",0,0,true
2015-11-18 14:32:56,"4117 TRUMBULL AVE,FLINT,",0,50,true
2015-11-18 14:32:57,"3302 GRATIOT AVE,FLINT,48503",0,0,true
2015-11-18 14:32:58,"3230 COLORADO,FLINT,48506",0,0,true
2015-11-18 14:33:03,"1326 BEARD ST,FLINT,",0,0,true
2015-11-18 14:33:04,"1214 KENSINGTON AVE,FLINT,48503",0,0,true
2015-11-18 14:33:05,"800 E COURT ST #134,FLINT,48503",0,160,true
2015-11-18 14:33:06,"555 S SAGINAW ST STE 201,FLINT,48502",0,380,true
2015-11-24 15:03:10,"318 BUCKINGHAM AVE/FILTER,FLINT,48505",0,0,true
2015-11-24 15:03:15,"2101 STEDRON ST,FLINT,48504",0,210,true
2015-11-24 15:03:26,"1410 BLUEBERRY LN/6,FLINT,48507",0,0,true
2015-11-24 15:03:36,"6211 OXLEY (MAIL 6201 OXLEY),FLINT,",0,120,true
2015-11-24 15:03:37,"6201 OXLEY DR,FLINT,48504",0,0,true
2015-11-24 15:03:38,"607 EAST ST APT 3 (A),FLINT,48503",0,0,true
2015-11-24 15:03:40,"3913 WISNER ST,FLINT,48504",0,0,true
2015-11-24 15:03:43,"3510 YALE ST,FLINT,",0,0,true
2015-11-24 15:03:44,"1825 OWEN ST,FLINT,48503",0,0,true
2015-11-24 15:03:51,"3306 BARTH ST,FLINT,",0,0,true
2015-11-24 15:03:52,"1608 BROAD COURT,FLINT,48503",0,50,true
2015-11-24 15:03:55,"312 BUCKINGHAM AVE,FLINT,48507",0,0,true
2015-11-24 15:04:03,"429 CHAVEZ DR (NORTH BOUND),FLINT,48503",0,90,true
2015-11-24 15:04:05,"916 HUBBARD AVE,FLINT,48503",0,0,true
2015-11-24 15:04:07,"3221 WYOMING AVE,FLINT,48506",0,0,true
2015-11-24 15:04:09,"810 MAC DONALD AVE,FLINT,48507",0,0,true
2015-11-24 15:04:10,"613 E ATHERTON,FLINT,48507",0,0,true
2015-11-24 15:04:11,"700 E COURT ST #303,FLINT,48503",0,90,true
2015-11-24 15:04:12,"4311 OGEMA,FLINT,48507",0,0,true
2015-12-02 14:41:40,"2833 COMANCHE AVE,FLINT,",0,100,true
2015-12-02 14:41:44,"3515 SUNSET DR,FLINT,48503",0,0,true
2015-12-02 14:41:46,"3125 MONTANA AVE,FLINT,48506",0,0,true
2015-12-02 14:41:50,"2833 COMANCHE AVE,FLINT,",0,0,true
2015-12-02 14:41:51,"1920 COLCHESTER RD,FLINT,48503",0,100,true
2015-12-02 14:41:54,"2954 CONCORD ST,FLINT,48504",0,0,true
2015-12-02 14:42:02,"420 GREENFIELD AVE,FLINT,48503",0,50,true
2015-12-02 14:42:06,"1201 N GRAND TRAVERSE #V4,FLINT,48503",0,0,true
2015-12-02 14:42:07,"1201 N GRAND TRAVERSE V2,FLINT,48503",0,0,true
2015-12-02 14:42:08,"1201 N GRAND TRAVERSE #V3,FLINT,48503",0,0,true
2015-12-02 14:42:09,"1802 CARMEN BROOK PKY,FLINT,48507",0,0,true
2015-12-02 14:42:10,"3407 LEITH ST,FLINT,48506",0,0,true
2015-12-02 14:42:11,"3915 OGEMA,FLINT,",0,160,true
2015-12-02 14:42:12,"3501 SHERWOOD DR,FLINT,48503",0,0,true
2015-12-02 14:42:13,"1201 N GRAND TRAVERS J3,FLINT,48503",0,160,true
2015-12-02 14:42:15,"1201 NORTH GRAND TRAVERSE #1,FLINT,48503",0,170,true
2015-12-02 14:42:16,"1201 N GRAND TRAVERSE #2,FLINT,48503",0,0,true
2015-12-02 14:42:18,"3109 BEECHER RD,FLINT,48503",0,0,true
2015-12-02 14:42:21,"1201 N GRAND TRAVERSE #V1,FLINT,48503",0,0,true
2015-12-02 14:42:23,"1802 CARMENBROOK PKY,FLINT,48507",0,0,true
2015-12-02 14:42:25,"346 ALLENDALE PLACE,FLINT,48503",0,90,true
2015-12-02 14:42:26,"412 SHEFFIELD AVE,FLINT,",0,0,true
2015-12-10 15:08:39,"2761 CHICAGO BLVD,FLINT,48503",0,0,true
2015-12-10 15:08:00,"3401 MILLER RD,FLINT,48503",0,60,true
2015-12-10 15:08:43,"1606 BARBARA DR,FLINT,48504",0,0,true
2015-12-10 15:08:47,"4018 PARK FOREST DR,FLINT,48507",0,110,true
2015-12-10 15:08:52,"3602 MILBOURNE AVE,FLINT,48504",0,90,true
2015-12-10 15:08:54,"1001 BEARD ST,FLINT,48503",0,0,true
2015-12-10 15:08:56,"3822 W COURT ST,FLINT,48532",0,0,true
2015-12-10 15:08:57,"1901 CASTLE LN,FLINT,48504",0,0,true
2015-12-10 15:08:59,"665 E HEMPHILL RD,FLINT,48507",0,90,true
2015-12-10 15:09:01,"2201 KANSAS ST,FLINT,48506",0,0,true
2015-12-10 15:09:03,"214 W FOSS,FLINT,***",0,0,true
2015-12-18 15:07:40,"3505 COMANCHE AVE,FLINT,48507",0,0,true
2015-12-18 15:07:41,"4509 TRUMBULL DR,FLINT,48504",0,0,true
2015-12-18 15:07:42,"1604 E COURT,FLINT,48503",0,0,true
2015-12-18 15:07:43,"1302 BARNEY AVE,FLINT,48503",0,90,true
2015-12-18 15:07:00,"1925 HOSLER ST,FLINT,48503",0,0,true
2015-12-18 15:07:47,"2201 HILLS ST,FLINT,48503",0,0,true
2015-12-18 15:07:53,"6709 COLONIAL DR,FLINT,48505",0,0,true
2015-12-18 15:07:54,"3921 BRANCH RD,FLINT,48506",0,100,true
2015-12-18 15:07:56,"505 EAST ST,FLINT,48503",0,90,true
2015-12-18 15:07:57,"1925 HOSLER ST,FLINT,48503",0,0,true
2015-12-18 15:07:59,"106 E PIPER AVE,FLINT,48505",0,0,true
2015-12-18 15:08:00,"1013 BLANCHARD,FLINT,48503",0,0,true
2015-12-18 15:08:01,"209 S CUMBERLAND ST,FLINT,",0,0,true
2015-12-18 15:08:03,"2014 HILLS ST,FLINT,",0,0,true
2015-12-18 15:08:07,"5366 OAK TREE CT,FLINT,48532",0,0,true
2015-12-18 15:08:10,"4202 CIRCLE DR,FLINT,48507",0,120,true
2015-12-29 15:13:13,"532 S VERNON AVE,FLINT,48503",0,210,true
2015-12-29 15:13:15,"3901 CHEYENNE AVE,FLINT,48507",0,0,true
2015-12-29 15:13:21,"1223 BENNETT AVE,FLINT,48506",0,0,true
2015-12-29 15:13:24,"3123 CHAMBERS ST,FLINT,48507",0,0,true
2015-12-29 15:13:25,"2101 STEDRON,FLINT,48504",0,0,true
2015-12-29 15:13:27,"5838 EDGAR HOLT DR,FLINT,",0,0,true
2015-12-29 15:13:28,"5838 EDGAR HOLT,FLINT,48505",0,0,true
2015-12-29 15:13:29,"7002 PEMBERTON DR,FLINT,",0,0,true
2015-12-29 15:13:30,"7002 PEMBERTON DR BLDG 15,FLINT,",0,0,true
2015-12-29 15:13:32,"4060 M L KING APT 11,FLINT,48505",0,0,true
2015-12-29 15:13:34,"5838 EDGAR HOLT,FLINT,48505",0,0,true
2015-12-29 15:13:35,"906 GARLAND ST,FLINT,48503",0,0,true
2015-12-29 15:13:38,"5838 EDGAR HOLT DR,FLINT,",0,0,true
2015-12-29 15:13:39,"454 DOUGHERTY PL,FLINT,48504",0,140,true
2015-12-29 15:13:40,"1201 N GRAND TRAVERSE N,FLINT,",0,50,true
2015-12-29 15:13:42,"3123 CHAMBERS ST (BRITA),FLINT,48507",0,0,true
2015-12-29 15:13:45,"2510 NEBRASKA AVE,FLINT,48506",0,150,true
2015-12-29 15:13:49,"902 E COURT #308 RICHERT MANOR,FLINT,",0,0,true
2015-12-29 15:13:51,"5838 EDGAR HOLT,FLINT,",0,0,true
2015-12-29 15:13:54,"3800 RICHFIELD RD,FLINT,",0,0,true
2015-12-29 15:13:58,"5838 EDGAR HOLT DR,FLINT,48505",0,0,true
2015-12-29 15:14:00,"7002 PEMBERTON DR BLDG 29,FLINT,48505",0,0,true
2015-12-29 15:14:06,"2200 N DORT HWY,FLINT,48507",0,0,true
2015-12-29 15:14:07,"2200 N DORT HWY,FLINT,48507",0,0,true
2015-12-29 15:14:08,"3930 HERRICK ST,FLINT,",0,140,true
2015-12-29 15:14:10,"5709 OXLEY DR,FLINT,",0,130,true
2015-12-29 15:14:14,"605 JOSEPHINE,FLINT,",0,0,true
2015-12-29 15:14:23,"2610 M L KING SALEM LUTHERAN CHURCH,FLINT,",0,280,true
2016-01-07 15:17:00,"3705 ALDON LN,FLINT,",0,0,true
2016-01-07 15:17:05,"3629 LIPPINCOTT,FLINT,",0,0,true
2016-01-07 15:17:06,"516 LAFAYETTE ST,FLINT,",0,60,true
2016-01-07 15:17:10,"333 BUCKINGHAM,FLINT,",0,0,true
2016-01-07 15:17:14,"3707 SUNSET DR,FLINT,",0,120,true
2016-01-07 15:17:15,"131 COMMONWEALTH,FLINT,",0,0,true
2016-01-07 15:17:21,"4013 BLACKINGTON AVE,FLINT,",0,90,true
2016-01-07 15:17:23,"114 W RUTH AVE,FLINT,48505",0,0,true
2016-01-07 15:17:30,"744 WILBERFORCE,FLINT,",0,420,true
2016-01-07 15:17:31,"3716 LYNN ST,FLINT,",0,0,true
2016-01-07 15:17:32,"744 WILBERFORCE DR,FLINT,",0,340,true
2016-01-07 15:17:36,"1201 N GRAND TRAVERSE,FLINT,",0,0,true
2016-01-07 15:17:40,"1201 N GRAND TRAVERSE,FLINT,",0,60,true
2016-01-07 15:17:41,"1201 N GRAND TRAVERSE,FLINT,",0,90,true
2016-01-07 15:17:42,"1201 N GRAND TRAVERSE,FLINT,",0,0,true
2016-01-07 15:17:43,"1201 N GRAND TRAVERSE,FLINT,",0,60,true
2016-01-07 15:17:44,"1201 N GRAND TRAVERSE,FLINT,",0,50,true
2016-01-07 15:17:45,"1201 N GRAND TRAVERSE,FLINT,",0,0,true
2016-01-07 15:17:47,"1201 N GRAND TRAVERSE,FLINT,",0,0,true
2016-01-07 15:17:52,"1201 N GRAND TRAVERSE,FLINT,",0,70,true
2016-01-07 15:17:53,"1201 N GRAND TRAVERSE,FLINT,",0,60,true
2016-01-07 15:17:57,"1201 N GRAND TRAVERSE,FLINT,",0,80,true
2016-01-07 15:17:59,"1201 N GRAND TRAVERSE,FLINT,",0,0,true
2016-01-07 15:18:00,"1201 N GRAND TRAVERSE,FLINT,",0,0,true
2016-01-07 15:18:01,"1201 N GRAND TRAVERSE,FLINT,",0,110,true
2016-01-07 15:18:02,"1201 N GRAND TRAVERSE,FLINT,",0,60,true
2016-01-07 15:18:03,"1201 N GRAND TRAVERSE,FLINT,",0,0,true
2016-01-07 15:18:06,"1201 N GRAND TRAVERSE,FLINT,",0,60,true
2016-01-07 15:18:11,"1201 N GRAND TRAVERSE,FLINT,",0,50,true
2016-01-07 15:18:14,"1201 N GRAND TRAVERSE,FLINT,",0,0,true
2016-01-13 08:29:18,"1517 HUGHES,FLINT,48503",0,0,true
2016-01-14 09:34:37,"2608 WALTER ST,FLINT,48504",0,100,true
2016-01-15 08:06:09,"2801 CIRCLE DRIVE,FLINT,48507",0,0,true
2016-01-15 10:58:48,"3301 S KEARLSEY BLVD,FLINT,48506",0,0,true
2016-01-15 10:58:49,"3702 CRAIG DR #1,FLINT,",0,0,true
2016-01-15 10:58:52,"633 W HOME,,48505",0,0,true
2016-01-15 10:58:58,"1060 LAFAYETTE ST,,",0,0,true
2016-01-15 10:58:59,"4302 WESTERN RD LOT 65,,",0,0,true
2016-01-15 11:00:30,"3202 BEECHWOOD AVE,FLINT,48506",0,70,true
2016-01-15 11:00:38,"2514 OHIO AVE,,",0,0,true
2016-01-15 11:00:44,"1820 HOSLER ST,FLINT,48503",0,0,true
2016-01-15 11:00:48,"3115 LAWNDALE,FLINT,",0,50,true
2016-01-15 11:00:55,"1122 BARRINGTON DR,FLINT,48503",0,0,true
2016-01-15 11:01:09,"2005 TUSCOLA ST,FLINT,48503",0,0,true
2016-01-15 11:01:14,"3806 CRAIG DR,FLINT,",0,0,true
2016-01-15 11:01:16,"3419 HUGGINS AVE,,",0,0,true
2016-01-15 11:01:19,"1918 BRIARWOOD DR,,",0,130,true
2016-01-15 11:01:20,"3725 KENT ST,,48503",0,130,true
2016-01-15 11:01:23,"3717 ALDON LN,,",0,0,true
2016-01-15 11:01:31,"3202 DEARBORN AVE,,48507",0,300,true
2016-01-15 11:01:34,"3428 RANGELEY ST,FLINT,48503",0,0,true
2016-01-15 11:01:36,"702 VERMILYA AVE,FLINT,48507",0,0,true
2016-01-15 11:01:37,"2418 ARLINGTON,,",0,0,true
2016-01-15 11:01:38,"1501 MULBERRY LN,,",0,70,true
2016-01-15 11:01:39,"3632 GLOUCESTER ST,,48503",0,120,true
2016-01-15 11:01:43,"2610 M L KING AVE,FLINT,48505",0,0,true
2016-01-15 11:01:49,"615 STONE ST,FLINT,48503",0,0,true
2016-01-15 11:01:58,"607 E SECOND AVE #514,FLINT,48502",0,60,true
2016-01-15 11:01:59,"2406 PIERCE ST,FLINT,48503",0,0,true
2016-01-15 11:02:07,"607 E SECOND AVE #514,FLINT,48502",0,0,true
2016-01-15 11:02:11,"2528 WINONA ST,FLINT,48504",0,0,true
2016-01-15 11:02:13,"4418 BILLINGS ST,FLINT,48505",0,0,true
2016-01-15 11:02:14,"4408 CUTHBERTSON ST,FLINT,48507",0,0,true
2016-01-15 11:02:16,"2528 WINONA ST,FLINT,48504",0,80,true
2016-01-15 11:02:17,"5306 GRANVILLE AVE,FLINT,48505",0,0,true
2016-01-15 11:02:22,"4618 EDWARDS AVE,FLINT,48505",0,0,true
2016-01-15 11:02:34,"521 W STEWART AVE,FLINT,",0,0,true
2016-01-15 11:02:35,"2221 BARBARA DR,FLINT,",0,0,true
2016-01-15 11:02:36,"801 ADDISON ST A,FLINT,48505",0,140,true
2016-01-15 11:02:38,"5031 BRANCH RD,FLINT,48506",0,0,true
2016-01-15 11:02:47,"3206 COLORADO,,",0,0,true
2016-01-15 11:02:48,"1433 ELDORADO DR,,",0,50,true
2016-01-15 11:02:50,"6625 PARKBELT DR,FLINT,***",0,0,true
2016-01-15 11:02:51,"210 E FIFTH ST FLINT POLICE DEPT,FLINT,48502",0,170,true
2016-01-15 11:02:53,"3018 CHEROKEE,FLINT,48507",0,80,true
2016-01-15 11:02:57,"4805 FENTON RD,FLINT,48507",0,60,true
2016-01-15 11:03:00,"3741 NORWOOD DR,FLINT,48503",0,100,true
2016-01-15 11:03:05,"2211 WINDEMERE AVE,FLINT,48503",0,90,true
2016-01-15 11:03:09,"2002 HILLS ST,FLINT,48503",0,0,true
2016-01-15 11:03:22,"3805 COURT ST,FLINT,48506",0,190,true
2016-01-15 11:03:23,"3115 LAWNDALE,FLINT,48504",0,360,true
2016-01-15 11:03:25,"1515 TULANE CIR,FLINT,48503",0,220,true
2016-01-19 08:30:43,"1714 BARBARA DR,FLINT,48504",0,50,true
2016-01-19 16:18:09,"1401 S DORT HWY,FLINT,48503",0,3490,true
2016-01-19 16:18:10,"1826 BARKS ST,FLINT,48503",0,70,true
2016-01-19 16:18:11,"1911 TUSCOLA,,",0,0,true
2016-01-19 16:18:12,"2222 N FRANKLIN,,",0,90,true
2016-01-19 16:18:13,"3418 SANTA CLARA CT,FLINT,48504",0,60,true
2016-01-19 16:18:14,"2617 PINETREE DR,FLINT,48507",0,60,true
2016-01-19 16:18:15,"1301 KIRK AVE,FLINT,48503",0,0,true
2016-01-19 16:18:18,"3514 NORWOOD ST,FLINT,48503",0,0,true
2016-01-19 16:18:19,"1721 LAUREN OAK DR,FLINT,48507",0,70,true
2016-01-19 16:18:23,"2501 BAGLEY,FLINT,48504",0,0,true
2016-01-19 16:18:27,"3022 MONTANA,FLINT,48506",0,160,true
2016-01-19 16:18:28,"1401 S DORY HWY,FLINT,48503",0,130,true
2016-01-19 16:18:30,"1401 S DORT HWY,FLINT,48503",0,110,true
2016-01-19 16:18:32,"3810 CLAIRMONT ST,FLINT,48532",0,0,true
2016-01-19 16:18:33,"4217 CUTHBERTSON ST,FLINT,48507",0,0,true
2016-01-19 16:18:34,"3705 CLAIRMONT ST,FLINT,48532",0,0,true
2016-01-19 16:18:35,"1217 WALDMAN AVE,FLINT,48507",0,0,true
2016-01-19 16:18:37,"4222 RED ARROW RD,FLINT,48507",0,0,true
2016-01-19 16:18:40,"1820 MARLOWE,FLINT,",0,0,true
2016-01-19 16:18:00,"1750 LYNBROOK DR,FLINT,48507",0,0,true
2016-01-19 16:18:44,"3410 WHITNEY AVE,FLINT,48503",0,150,true
2016-01-19 16:18:45,"2738 SWAYZE ST,FLINT,48503",0,0,true
2016-01-19 16:18:52,"1901 PENBROOK LN,,48507",0,0,true
2016-01-19 16:18:53,"3817 BEECHWOOD AVE,FLINT,48506",0,0,true
2016-01-19 16:18:54,"533 RED BEECH DR,FLINT,48506",0,0,true
2016-01-19 16:18:55,"3518 DALE AVE,FLINT,48506",0,0,true
2016-01-19 16:18:56,"924 LAFAYETTE ST,FLINT,48503",0,90,true
2016-01-19 16:18:57,"1733 ARIZONA AVE,FLINT,48506",0,0,true
2016-01-19 16:18:58,"4507 LYNBROOK,FLINT,48507",0,0,true
2016-01-19 16:18:59,"2801 LIPPINCOTT,FLINT,48507",0,50,true
2016-01-19 16:19:00,"2959 MCCLURE,FLINT,48506",0,0,true
2016-01-19 16:19:01,"2020 STEVENSON ST,FLINT,48504",0,0,true
2016-01-19 16:19:02,"3929 AUGUSTA ST,FLINT,48532",0,0,true
2016-01-19 16:19:03,"817 MCKEIGHAN,FLINT,48507",0,0,true
2016-01-19 16:19:06,"1224 VINCENT COURT #21,FLINT,48503",0,0,true
2016-01-19 16:19:09,"1637 INDIANA AVE,FLINT,48506",0,240,true
2016-01-19 16:19:12,"3314 DAKOTA AVE,FLINT,48506",0,0,true
2016-01-19 16:19:13,"6908 PARKBELT DR,FLINT,48505",0,0,true
2016-01-19 16:19:16,"2731 SLOAN ST,FLINT,48504",0,0,true
2016-01-19 16:19:18,"951 LEXINGTON AVE,FLINT,48507",0,80,true
2016-01-19 16:19:19,"2423 TUSCOLA ST,FLINT,48503",0,0,true
2016-01-19 16:19:21,"1017 MACDONALD AVE,FLINT,48507",0,0,true
2016-01-19 16:25:04,"3301 CHEROKEE AVE,FLINT,48507",0,70,true
2016-01-19 16:25:16,"2927 AGREE AVE,FLINT,48506",0,0,true
2016-01-19 16:25:21,"2734 SWAYZE ST,FLINT,48503",0,0,true
2016-01-19 16:25:24,"2610 LAKEWOOD CT,FLINT,48507",0,380,true
2016-01-19 16:25:27,"2734 ALPHA WAY,FLINT,48506",0,0,true
2016-01-19 16:25:30,"5510 LESLIE DRIVE,FLINT,48504",0,0,true
2016-01-19 16:25:32,"805 CAMPBELL,FLINT,48507",0,0,true
2016-01-19 16:25:35,"3821 MANN HALL,FLINT,48532",0,0,true
2016-01-19 16:25:38,"1317 BENT DRIVE,FLINT,",0,0,true
2016-01-19 16:25:39,"G2581 BERTHA AVE,FLINT,",0,120,true
2016-01-19 16:25:42,"618 EAST BISHOP AVE,,",0,0,true
2016-01-19 16:25:43,"3715 SUNRIDGE DR,FLINT,48506",0,0,true
2016-01-19 16:25:46,"6707 PARKBELT DR,FLINT,48505",0,0,true
2016-01-19 16:25:47,"2901 HENRY ST,FLINT,48506",0,0,true
2016-01-19 16:25:52,"2719 WILTON PLACE,FLINT,48506",0,0,true
2016-01-19 16:25:53,"1908 GLENDALE AVE,FLINT,48503",0,0,true
2016-01-19 16:25:54,"1928 WEAVER ST,FLINT,48506",0,0,true
2016-01-19 16:25:55,"2521 WOODROW AVE,FLINT,48506",0,50,true
2016-01-19 16:25:56,"1509 N FRANKLIN 1,,",0,0,true
2016-01-19 16:26:00,"2010 BARKS ST,FLINT,48503",0,0,true
2016-01-19 16:27:16,"617 S LYNCH ST,FLINT,48503",0,0,true
2016-01-19 16:27:17,"3628 CRAIG DR,FLINT,48506",0,0,true
2016-01-19 16:27:25,"3425 HUGGINS AVE,FLINT,48506",0,0,true
2016-01-19 16:27:30,"4018 PROCTOR AVE,FLINT,",0,0,true
2016-01-19 16:27:31,"1705 ARLINGTON AVE,FLINT,48506",0,0,true
2016-01-19 16:27:33,"2001 N CENTER RD APT 209,FLINT,48506",0,50,true
2016-01-19 16:27:37,"3510 PROCTOR AVE,FLINT,48504",0,0,true
2016-01-19 16:27:40,"2201 WISCONSIN AVE,FLINT,48506",0,0,true
2016-01-19 16:27:41,"3342 HULL AV,FLINT,48507",0,230,true
2016-01-19 16:27:43,"3426 BRANCH RD,,48505",0,0,true
2016-01-19 16:27:44,"420 S MEADE ST,FLINT,48503",0,0,true
2016-01-19 16:27:45,"3602 N TERM ST,FLINT,48506",0,90,true
2016-01-19 16:27:47,"1616 CALUMET,FLINT,48503",0,0,true
2016-01-19 16:30:34,"2501 E SECOND ST,FLINT,48503",0,0,true
2016-01-19 16:30:35,"2801 LIPPINCOTT BLVD,FLINT,48507",0,0,true
2016-01-19 16:30:38,"3601 PROCTOR AVE,FLINT,48504",0,0,true
2016-01-19 16:30:42,"402 E PULASKI AVE,FLINT,48505",0,0,true
2016-01-19 16:30:43,"4502 CHEYENNE AVE,FLINT,48507",0,70,true
2016-01-19 16:30:00,"4007 CIRCLE DR,FLINT,48507",0,0,true
2016-01-19 16:30:56,"3306 YALE ST,FLINT,48503",0,80,true
2016-01-20 12:58:00,"822 LELAND ST,FLINT,48507",0,0,true
2016-01-20 12:58:02,"1000 OAK ST APT 102,FLINT,48503",0,0,true
2016-01-20 12:58:04,"3714 HOGARTH AVE,FLINT,",0,0,true
2016-01-20 12:58:05,"4810 BIRCHCREST,FLINT,",0,0,true
2016-01-20 12:58:07,"2929 DAKOTA AVE,FLINT,48506",0,0,true
2016-01-20 12:58:09,"1840 HAMPDEN RD,FLINT,48503",0,210,true
2016-01-20 12:58:14,"3421 RANGELEY ST APT 4,FLINT,48503",0,0,true
2016-01-20 12:58:21,"5410 FLEMING RD,FLINT,48504-706",0,0,true
2016-01-20 12:58:23,"1902 LYNBROOK DR,FLINT,48507",0,0,true
2016-01-20 12:58:26,"329 ALLENDALE PL,FLINT,48503",0,0,true
2016-01-20 12:58:31,"1717 S DORT HWY,FLINT,48503",0,0,true
2016-01-20 12:58:32,"629 W RUTH,FLINT,48505",0,60,true
2016-01-20 12:58:33,"1906 E CARPENTER RD,FLINT,48505",0,0,true
2016-01-20 12:58:35,"4401 SHAWNEE AVE,FLINT,48507",0,50,true
2016-01-20 12:58:37,"1109 BURLINGTON DR,FLINT,48503",0,0,true
2016-01-20 12:58:39,"201 HASTINGS ST,FLINT,48503",0,0,true
2016-01-20 12:58:40,"861 INGLESIDE,FLINT,",0,0,true
2016-01-20 12:58:41,"1827 PARK FOREST DR,FLINT,48507",0,70,true
2016-01-20 12:58:42,"4121 MENTON,FLINT,48507",0,0,true
2016-01-20 12:58:43,"3118 BRANDON ST,FLINT,48503",0,0,true
2016-01-20 12:58:44,"3107 CAMDEN AVE,FLINT,48507",0,0,true
2016-01-20 12:58:46,"605 CHANDLER,FLINT,48503",0,230,true
2016-01-20 12:58:47,"1525 S FRANKLIN AVE,FLINT,48503",0,340,true
2016-01-20 12:58:48,"909 BARRIE AVE,FLINT,48507",0,0,true
2016-01-20 12:58:50,"902 E RIDGEWAY AVE,FLINT,48505",0,0,true
2016-01-20 12:58:58,"4313 MILTON DR,FLINT,48507",0,0,true
2016-01-20 12:58:59,"2720 WESTWOOD PARKWAY,FLINT,48503",0,0,true
2016-01-20 12:59:02,"210 W LORADO AVE,FLINT,48505",0,0,true
2016-01-20 12:59:07,"3101 CHEROKEE AVE,FLINT,48507",0,80,true
2016-01-20 12:59:09,"3826 PITKIN AVE,FLINT,48506",0,0,true
2016-01-20 12:59:11,"2725 DUPONT ST,FLINT,",0,0,true
2016-01-20 12:59:13,"602 KENSINGTON AVE,FLINT,48505",0,190,true
2016-01-20 12:59:14,"3506 MACKIN RD,FLINT,48504",0,100,true
2016-01-20 13:05:44,"1214 E CARPENTAR RD,FLINT,48505",0,0,true
2016-01-20 13:05:45,"3243 W LYNDON AVE,FLINT,48504",0,0,true
2016-01-20 13:05:46,"3745 DOLPHAINE LN,FLINT,48506",0,160,true
2016-01-20 13:05:47,"2010 N DORT HWY,FLINT,48506",0,0,true
2016-01-20 13:05:53,"2706 PLAINFIELD,FLINT,48506",0,0,true
2016-01-20 13:05:55,"1218 E GRACELAWN AVE,FLINT,",0,0,true
2016-01-20 13:05:58,"2022 NORTH ST,FLINT,48505",0,230,true
2016-01-20 13:05:59,"1820 CHELSEA CIRCLE,FLINT,48503",0,50,true
2016-01-20 13:06:00,"3816 ORR ST,FLINT,48532",0,0,true
2016-01-20 13:06:03,"3207 BRANCH RD,FLINT,48506",0,0,true
2016-01-20 13:06:04,"3462 EVERGREEN PKWY,FLINT,48503",0,0,true
2016-01-20 13:06:07,"4807 CANTERBURY LANE,FLINT,48504",0,0,true
2016-01-20 13:06:09,"424 W MARENGO,FLINT,48505",0,0,true
2016-01-20 13:06:12,"3710 BRUNSWICK AVE,FLINT,48507",0,0,true
2016-01-20 13:06:14,"725 COLUMBIA DR,FLINT,48503",0,80,true
2016-01-20 13:06:23,"3201 COLORADO AVE,FLINT,48506",0,0,true
2016-01-20 13:06:25,"6021 COVERED WAGONS TR,FLINT,48532",0,130,true
2016-01-20 13:06:26,"5911 SUSAN ST,FLINT,48505",0,0,true
2016-01-20 13:06:55,"5406 LESLIE DR,FLINT,48504",0,0,true
2016-01-20 13:07:01,"4313 MILTON DR,FLINT,48507",0,0,true
2016-01-20 13:07:04,"642 W STEWART AVE,FLINT,48505",0,0,true
2016-01-20 13:07:11,"4102 STERLING STREET,FLINT,48504",0,0,true
2016-01-20 13:07:18,"459 E ATHERTON RD,FLINT,48507",0,0,true
2016-01-20 13:07:20,"2713 BRANDON STREET,FLINT,48503",0,0,true
2016-01-20 13:07:22,"5102 E BOULEVARD DR,FLINT,",0,0,true
2016-01-20 13:07:24,"4302 WESTERN RD, LOT 54,FLINT,48506",0,0,true
2016-01-20 13:07:25,"3729 BEECHER ROAD,FLINT,48503",0,90,true
2016-01-20 13:07:30,"1810 MONTANA AVE,FLINT,48506",0,0,true
2016-01-20 13:07:31,"3289 CHEYENNE,BURTON,48529",0,160,true
2016-01-20 13:07:33,"1225 GRANDY ST,FLINT,48503",0,0,true
2016-01-20 13:07:39,"2201 W. CARPENTER RD,FLINT,",0,0,true
2016-01-20 13:07:40,"1614 SENECA ST,FLINT,",0,0,true
2016-01-20 13:07:42,"742 LINCOLN AVE,FLINT,48507",0,0,true
2016-01-20 13:22:28,"814 MCKEIGHAN AVE,FLINT,48507",0,0,true
2016-01-20 13:22:29,"2013 WEAVER ST,FLINT,48506",0,0,true
2016-01-20 13:22:30,"3209 PENCOMBE PLACE,FLINT,48503",0,50,true
2016-01-20 13:22:32,"3301 WESTWOOD PKY,FLINT,",0,70,true
2016-01-20 13:22:34,"3721 MASON ST,FLINT,",0,0,true
2016-01-20 13:22:35,"4225 BRANCH RD,FLINT,48506",0,180,true
2016-01-20 13:22:36,"610 S VERNON AVE,FLINT,48503",0,0,true
2016-01-20 13:22:37,"3018 COLORADO AVE,FLINT,48506",0,0,true
2016-01-20 13:22:39,"2927 AGREE AVE,FLINT,48506",0,0,true
2016-01-20 13:22:40,"1918 PARK FOREST DR,FLINT,48507",0,70,true
2016-01-20 13:22:42,"1714 GREENBROOK LANE,FLINT,48507",0,0,true
2016-01-20 13:22:00,"2121 GLENDALE,FLINT,48503",0,0,true
2016-01-20 13:22:53,"6905 DUPONT ST,FLINT,48505",0,0,true
2016-01-20 13:22:56,"2502 MISSOURI AVE,FLINT,48506",0,170,true
2016-01-20 13:22:58,"1522 MULBERRY LANE,FLINT,48507",0,0,true
2016-01-20 13:23:00,"1918 GREENBRIER LN,FLINT,48507",0,150,true
2016-01-20 13:23:01,"1260 LEISURE DR,FLINT,48507",0,0,true
2016-01-20 13:23:05,"614 VICTORIA AVE,FLINT,48507",0,0,true
2016-01-20 13:23:06,"1115 LELAND ST,FLINT,48507",0,0,true
2016-01-20 13:23:11,"1820 WINDSOR LN,FLINT,48507",0,90,true
2016-01-20 13:23:12,"4005 GREENBROOK LN,FLINT,48507",0,0,true
2016-01-20 13:23:13,"1014 MACDONALD AVE,FLINT,48507",0,0,true
2016-01-20 13:23:15,"1815 MCPHAIL ST,FLINT,",0,0,true
2016-01-20 13:23:16,"5805 GRIGGS DR,FLINT,48503",0,0,true
2016-01-20 13:23:17,"4108 WOODROW AVE,BURTON,",0,0,true
2016-01-20 13:23:18,"3422 HOLLY AVE,FLINT,48506",0,0,true
2016-01-20 13:23:20,"632 VICTORIA AVE,FLINT,48507",0,0,true
2016-01-20 13:23:21,"2055 SEYMOUR AVE,,",0,110,true
2016-01-20 13:23:22,"3045 AYRE COURT,FLINT,48506",0,60,true
2016-01-20 13:23:24,"510 E RIDGEWAY,FLINT,48505",0,0,true
2016-01-20 13:23:26,"607 E 2ND AVE APT 814,FLINT,48502",0,60,true
2016-01-20 13:23:28,"637 WEST YORK AVE,,",0,0,true
2016-01-20 13:23:30,"718 MCKINLEY AVE,,",0,0,true
2016-01-20 13:23:31,"1333 JANE AVE,FLINT,48506",0,190,true
2016-01-20 13:23:32,"6305 CECIL DR,FLINT,48505",0,0,true
2016-01-20 13:23:33,"5805 GRIGGS DR,FLINT,48503",0,0,true
2016-01-21 13:33:00,"1814 W HOME AVE,FLINT,48504",0,60,true
2016-01-21 13:33:05,"4509 WARRINGTON DR,FLINT,48504",0,0,true
2016-01-21 13:33:06,"1225 ELDORADO DR,FLINT,48504",0,0,true
2016-01-21 13:33:07,"951 JOHNSON AVE,FLINT,48532",0,0,true
2016-01-21 13:33:08,"2022 FENMORE DR,FLINT,48504",0,60,true
2016-01-21 13:33:09,"607 E 2ND AVE APT #513,FLINT,48502",0,0,true
2016-01-21 13:33:10,"3438 LYNN ST,FLINT,48503",0,0,true
2016-01-21 13:33:12,"2113 ARLINGTON AVE,FLINT,48506",0,0,true
2016-01-21 13:33:13,"2034 CHURCH ST,FLINT,48503",0,0,true
2016-01-21 13:33:14,"1318 SAN JUAN DR,FLINT,48504",0,0,true
2016-01-21 13:33:17,"3113 BURGESS ST,FLINT,48504",0,0,true
2016-01-21 13:33:18,"1329 BELL CREEK DR,FLINT,48505",0,0,true
2016-01-21 13:33:20,"127 E GENESEE,FLINT,48505",0,0,true
2016-01-21 13:33:23,"3100 LAKEWOOD DR,FLINT,48507",0,0,true
2016-01-21 13:33:25,"632 LOCHHEAD,FLINT,48507",0,220,true
2016-01-21 13:33:26,"724 EVERGREEN AVE,FLINT,48503",0,0,true
2016-01-21 13:33:27,"2803 WILTON PLACE,FLINT,48506",0,230,true
2016-01-21 13:33:28,"5908 SUSAN ST,FLINT,48505",0,0,true
2016-01-21 13:33:29,"2932 MACKIN RD,FLINT,48504",0,120,true
2016-01-21 13:33:31,"1206 MARKHAM ST,FLINT,48507",0,0,true
2016-01-21 13:33:35,"1319 W 2ND ST,FLINT,48503",0,0,true
2016-01-21 13:33:40,"714 COLUMBUA LANE,FLINT,48503",0,190,true
2016-01-21 13:33:42,"2637 SENECA ST,FLINT,48504",0,0,true
2016-01-21 13:33:45,"631 CRAWFORD ST,FLINT,48507",0,50,true
2016-01-21 13:33:46,"634 W STEWART AVE,FLINT,48505",0,0,true
2016-01-21 13:33:52,"527 S VERNON AVE,FLINT,48503",0,0,true
2016-01-21 13:33:54,"2746 YALE ST,FLINT,48503",0,0,true
2016-01-21 13:33:56,"1215 STOCKTON ST,FLINT,48503",0,80,true
2016-01-21 13:33:57,"3814 KENT STREET,FLINT,48503",0,0,true
2016-01-21 13:34:05,"1802 HAMDEN RD,FLINT,48503",0,90,true
2016-01-21 13:34:10,"3310 BRANDON,FLINT,48503",0,0,true
2016-01-21 13:34:17,"2624 CUMINGS AVE,FLINT,48503",0,0,true
2016-01-21 13:34:18,"1188 RIVER VALLEY DR #12,FLINT,",0,60,true
2016-01-21 13:34:20,"1425 N NEUBERT,FLINT,48507",0,0,true
2016-01-21 13:34:21,"2863 PROSPECT ST,FLINT,48504",0,70,true
2016-01-21 13:34:25,"516 KENSINGTON AVE,FLINT,48503",0,0,true
2016-01-21 13:34:30,"3725 S SAGINAW STREET STE 105,FLINT,48507",0,370,true
2016-01-21 13:34:31,"501 MEADE ST APT 2,FLINT,48503",0,0,true
2016-01-21 13:34:32,"4436 LEN ROSE,FLINT,48532",0,0,true
2016-01-21 13:34:33,"4028 PARK FOREST DR,FLINT,48507",0,90,true
2016-01-21 13:34:36,"5020 MURPHY DR,FLINT,48506",0,0,true
2016-01-21 13:34:37,"643 CRAWFORD,FLINT,48507",0,0,true
2016-01-21 13:34:42,"3221 BUICK ST APT 96,FLINT,48505",0,60,true
2016-01-21 13:34:46,"3621 PENBROOK LN #15,FLINT,48507",0,0,true
2016-01-21 13:34:49,"5321 BALDWIN BLVD,FLINT,",0,0,true
2016-01-21 13:34:50,"1018 E ALMA AVE,FLINT,48505",0,0,true
2016-01-21 13:34:51,"822 WEST HEMPHILL ROAD,FLINT,48507",0,0,true
2016-01-21 13:34:54,"805 LELAND ST,FLINT,48507",0,60,true
2016-01-21 13:34:55,"632 HURON ST,FLINT,48507",0,0,true
2016-01-21 13:34:57,"1903 LAUREL OAK DRIVE,FLINT,48507",0,0,true
2016-01-21 13:36:06,"G-3100 MILLER RD APT 7C,FLINT,48507",0,0,true
2016-01-21 13:36:07,"1046 E LORADO AVE,FLINT,48505",0,100,true
2016-01-21 13:36:12,"2754 THOMAS STREET,FLINT,48504",0,0,true
2016-01-21 13:36:16,"1021 BARLOW AVE,FLINT,48507",0,0,true
2016-01-21 13:36:17,"3209 WALCOTT STREET,FLINT,48504",0,70,true
2016-01-21 13:36:18,"335 E. RIDGEWAY AVE,FLINT,48505",0,50,true
2016-01-21 13:36:19,"3002 MENOMINEE AVE,FLINT,48507",0,90,true
2016-01-21 13:36:20,"109 W. YORK,FLINT,48505",0,0,true
2016-01-21 13:36:21,"3810 LARCHMONT ST,FLINT,48532",0,110,true
2016-01-21 13:36:24,"4813 BRANCH RD,FLINT,48506",0,0,true
2016-01-21 13:36:28,"3813 BROWNELL BLVD,FLINT,48504",0,0,true
2016-01-21 13:36:29,"634 W BISHOP AV,FLINT,48505",0,90,true
2016-01-21 13:36:33,"3176 W. CASS AVE,FLINT,48504",0,0,true
2016-01-21 13:36:35,"415 W. 4TH AVE,FLINT,48503",0,60,true
2016-01-21 13:36:36,"409 BEDEST,FLINT,48507",0,0,true
2016-01-21 13:36:37,"5813 GRIGGS DR,FLINT,48504",0,0,true
2016-01-21 13:36:39,"3298 CHEYENNE AVE,FLINT,48529",0,150,true
2016-01-21 13:36:40,"905 MCKEIGHAN AVE,FLINT,48507",0,0,true
2016-01-21 13:36:42,"801 E 2ND ST,FLINT,48503",0,0,true
2016-01-21 13:36:43,"700 E COURT ST. APT 301,FLINT,48503",0,170,true
2016-01-21 13:36:44,"2607 BROOKSIDE DR,FLINT,48503",0,0,true
2016-01-21 13:36:45,"1913 GREENBRIAR LN,FLINT,48507",0,0,true
2016-01-21 13:36:47,"414 E EDMUND,FLINT,48505",0,0,true
2016-01-21 13:36:49,"1114 CLANCY AVE,FLINT,48503",0,180,true
2016-01-21 13:36:50,"1831 WHITTLESEY ST,FLINT,48503",0,0,true
2016-01-21 13:36:51,"4515 LYNBROOK,FLINT,48507",0,60,true
2016-01-21 13:36:59,"430 W FOSS AVE,FLINT,48505",0,190,true
2016-01-21 13:37:00,"1324 W HOME AVE,FLINT,48505",0,0,true
2016-01-21 13:37:02,"3018 CHEYENNE AVE,FLINT,48507",0,60,true
2016-01-21 13:37:03,"1717 WOODSLEA DR,FLINT,48507",0,130,true
2016-01-21 13:37:05,"4402 HUCKLEBERRY LN,FLINT,48507",0,50,true
2016-01-21 13:37:06,"3314 BRENTWOOD DR,FLINT,48503",0,0,true
2016-01-21 13:37:10,"3131 CHAMBERS ST,FLINT,48507",0,0,true
2016-01-21 13:37:11,"1000 BEACH ST,FLINT,48503",0,0,true
2016-01-21 13:37:14,"3617 SHERWOOD DRIVE,FLINT,48503",0,0,true
2016-01-21 13:37:16,"3008 COMANCHE AVE,FLINT,48507",0,140,true
2016-01-21 13:37:18,"1514 WYOMING AVE,FLINT,48506",0,0,true
2016-01-21 13:37:19,"4714 CLOVERLAWN DRIVE,FLINT,48504",0,0,true
2016-01-21 13:37:23,"1657 MARYLAND AVE,FLINT,48506",0,0,true
2016-01-21 13:37:25,"1408 BEAVER AVE,FLINT,48503",0,0,true
2016-01-21 13:37:26,"928 TACKEN ST,FLINT,48532",0,0,true
2016-01-21 13:37:28,"6614 SALLY CT,FLINT,48505",0,0,true
2016-01-21 13:37:33,"711 W RIDGEWAY AVE,FLINT,48505",0,0,true
2016-01-21 13:37:35,"1217 KENSINGTON,FLINT,48503",0,0,true
2016-01-21 13:37:36,"1605 CRESTBROOK LANE,FLINT,48507",0,0,true
2016-01-21 13:37:37,"1838 POLLY ST,FLINT,48505",0,0,true
2016-01-21 13:37:38,"2108 MAYBURY AVE,FLINT,48503",0,190,true
2016-01-21 13:37:42,"2614 TERRACE DR,FLINT,48507",0,50,true
2016-01-21 13:37:48,"916 BURLINGTON DRIVE,FLINT,48503",0,0,true
2016-01-21 13:37:49,"705 COLUMBIA DR,FLINT,48503",0,100,true
2016-01-21 13:37:57,"2801 BRANDON ST,FLINT,48503",0,0,true
2016-01-21 13:37:58,"355 E. ELDRIDGE AVE,FLINT,48505",0,0,true
2016-01-21 13:39:27,"1509 COLUMBIA DRIVE,FLINT,48503",0,70,true
2016-01-21 13:39:29,"2701 FIELDING ST,FLINT,48503",0,70,true
2016-01-21 13:39:31,"1617 W. MCCLEALLAN ST,FLINT,48504",0,0,true
2016-01-21 13:39:33,"3807 W. KEARSLEY ST,FLINT,48532",0,0,true
2016-01-21 13:39:34,"2852 WOLCOTT,FLINT,48504",0,0,true
2016-01-21 13:39:35,"3701 SHERRY DR,FLINT,48506",0,100,true
2016-01-21 13:39:36,"213 E. BELVIDERE AVE,FLINT,48503",0,0,true
2016-01-21 13:39:37,"5917 GLENN AVE,FLINT,48505",0,0,true
2016-01-21 13:39:40,"408 HASTINGS ST,FLINT,48503",0,0,true
2016-01-21 13:39:41,"1601 WABASH AVE,FLINT,",0,0,true
2016-01-21 13:39:42,"3743 PTKIN AVE,FLINT,48506",0,0,true
2016-01-21 13:39:46,"1509 VERMILYA AVE,FLINT,48507",0,150,true
2016-01-21 13:39:48,"1328 W. MAPLE AVE,FLINT,48507",0,0,true
2016-01-21 13:39:50,"206 W YORK AVE,FLINT,48505",0,0,true
2016-01-21 13:39:52,"3505 DALE AVE,FLINT,48506",0,210,true
2016-01-21 13:39:55,"1902 CARMEMBROOK PKG,FLINT,48507",0,0,true
2016-01-21 13:39:56,"741 VICTORIA,FLINT,48507",0,0,true
2016-01-21 13:39:58,"1601 WAYNE STREET,FLINT,48503",0,0,true
2016-01-21 13:39:59,"730 VICTORIA AVE,FLINT,48507",0,0,true
2016-01-21 13:40:02,"611 FREEMAN AVE,FLINT,",0,0,true
2016-01-21 13:40:06,"3113 CHEROKEE AVE,FLINT,48507",0,110,true
2016-01-21 13:40:08,"3328 STONEGATE DR,FLINT,48507",0,50,true
2016-01-21 13:40:10,"1310 CRAWFORD ST,FLINT,48507",0,0,true
2016-01-21 13:40:12,"3272 KISSNER AVE TOWNSHIP,FLINT,48504",0,0,true
2016-01-21 13:40:13,"1219 HURON ST,FLINT,48507",0,0,true
2016-01-21 13:40:14,"2802 DEARBORN AVE,FLINT,",0,50,true
2016-01-21 13:40:17,"1402 BLUEBERRY LANE,FLINT,",0,60,true
2016-01-21 13:40:18,"1934 GREENBRIAR LANE,FLINT,48507",0,0,true
2016-01-21 13:40:20,"308 BURROUGHS AVE,FLINT,48507",0,100,true
2016-01-21 13:40:21,"317 BURROUGHS AVE,FLINT,48507",0,0,true
2016-01-21 13:40:22,"3764 WORCHESTER,FLINT,48503",0,100,true
2016-01-21 13:40:24,"852 WALDMAN AVE,FLINT,48507",0,0,true
2016-01-21 13:40:25,"806 SIMCOE,FLINT,48507",0,0,true
2016-01-21 13:40:27,"326 BROWNING AVE,FLINT,48507",0,0,true
2016-01-21 13:40:29,"1006 SOUTHLAWN AVE,FLINT,48507",0,50,true
2016-01-21 13:40:00,"3614 KLEINPELL ST,FLINT,48507",0,0,true
2016-01-21 13:40:32,"1309 EARLMOOR BLVD,FLINT,48506",0,0,true
2016-01-21 13:40:33,"405 W WATER ST APT 105,FLINT,48503",0,180,true
2016-01-21 13:40:34,"2300 FLUSHING RD,FLINT,48504",0,110,true
2016-01-21 13:40:37,"5709 MARJA ST,FLINT,",0,0,true
2016-01-21 13:40:39,"4118 DONNELLY ST,FLINT,48504",0,0,true
2016-01-21 13:40:42,"1732 WEST HOBSON,FLINT,48504",0,0,true
2016-01-21 13:40:43,"5126 WOODHAVEN DR,FLINT,48504",0,100,true
2016-01-21 13:40:47,"147 E HOME,FLINT,48505",0,50,true
2016-01-21 13:40:49,"134.5W SECOND ST,FLINT,48502",0,0,true
2016-01-21 13:40:52,"1024 CARSON COURT,FLINT,",0,0,true
2016-01-21 13:40:55,"617 W PHILADELPHIA BLVD,FLINT,",0,0,true
2016-01-21 13:40:57,"718 LOYOLA DR,FLINT,48503",0,200,true
2016-01-21 13:40:58,"5611 BALSAM LN,FLINT,48505",0,50,true
2016-01-21 13:41:02,"314 EAST PULASKI AVE,FLINT,48505",0,240,true
2016-01-21 13:41:04,"3225 LEITH STREET,FLINT,48506",0,50,true
2016-01-21 13:41:05,"3201 BUICK ST #41,FLINT,48505",0,140,true
2016-01-21 13:41:07,"2601 OHIO AVE,FLINT,48506",0,50,true
2016-01-21 13:41:08,"3709 SHERRY DR,FLINT,48506",0,0,true
2016-01-21 13:41:09,"340 SHEFFIELD,FLINT,48504",0,0,true
2016-01-21 13:41:11,"1133 E PIERSON RD,FLINT,48505",0,0,true
2016-01-21 13:41:13,"918 GLENBROOK CIRCLE APT C,FLINT,48503",0,60,true
2016-01-21 13:41:14,"1617 BROOKWOOD AVE,FLINT,48503",0,140,true
2016-01-21 13:41:15,"4302 WESTERN RD LOT 48,FLINT,48506",0,120,true
2016-01-21 13:41:16,"2728 GAMMA LN,FLINT,",0,0,true
2016-01-21 13:41:17,"601 S MEADE ST,FLINT,",0,0,true
2016-01-21 13:42:23,"2822 PLAINFIELD AVE,FLINT,48506",0,0,true
2016-01-21 13:42:24,"3301 BUICK ST APT 36,FLINT,48505",0,240,true
2016-01-21 13:42:25,"6507 DUPONT ST,FLINT,48505",0,0,true
2016-01-21 13:42:27,"3401 DAKOTA AVE,FLINT,48506",0,0,true
2016-01-21 13:42:28,"3706 SUNRIDGE DRIVE,FLINT,",0,60,true
2016-01-21 13:42:29,"2621 MARYLAND AVE,FLINT,48506",0,0,true
2016-01-21 13:42:33,"527 W MCCLELLAN ST,FLINT,48505",0,0,true
2016-01-21 13:42:34,"3322 EMERSON ST,FLINT,48504",0,0,true
2016-01-21 13:42:36,"3810 RISEDORPH AVE,FLINT,48506",0,0,true
2016-01-21 13:42:37,"4302 WESTERN RD LOT 9,FLINT,48506",0,0,true
2016-01-21 13:42:38,"5709 BALDWIN BLVD,FLINT,48505",0,50,true
2016-01-21 13:42:43,"2106 E CARPENTER RD,FLINT,48505",0,70,true
2016-01-21 13:42:48,"2614 WISCONSIN AVE,FLINT,48506",0,210,true
2016-01-21 13:42:50,"1725 OHIO AVE,FLINT,48506",0,110,true
2016-01-21 13:42:52,"3705 SUNRIDGE DRV,FLINT,48506",0,0,true
2016-01-21 13:42:53,"717 SPELLMAN DR,FLINT,48503",0,0,true
2016-01-21 13:42:54,"3617 CHURCHILL AVE,FLINT,48506",0,0,true
2016-01-21 13:42:55,"1318 W DARTMOUTH,FLINT,48504",0,340,true
2016-01-21 13:42:56,"3536 PROVIDENCE ST,FLINT,48503",0,50,true
2016-01-21 13:42:58,"2306 ZIMMERMAN,FLINT,48503",0,50,true
2016-01-21 13:43:00,"3809 DELAWARE AVENUE,FLINT,48506",0,130,true
2016-01-21 13:43:01,"3423 EASTDALE DRIVE,FLINT,48506",0,0,true
2016-01-21 13:43:03,"1314 GARLAND,FLINT,48503",0,0,true
2016-01-21 13:43:04,"3702 ALDON LANE,FLINT,48506",0,160,true
2016-01-21 13:43:06,"3226 THOM ST,FLINT,48506",0,0,true
2016-01-21 13:43:07,"2314 BARTH,FLINT,48504",0,0,true
2016-01-21 13:43:11,"1425 BEAVER AVE,FLINT,",0,140,true
2016-01-21 13:43:13,"2711 GIBSON ST,FLINT,",0,70,true
2016-01-21 13:43:16,"1602 N BALLENGER HWY,FLINT,48504",0,100,true
2016-01-21 13:43:17,"613 STEVENSON ST,FLINT,48514",0,0,true
2016-01-21 13:43:20,"2013 HILLS ST,FLINT,48503",0,0,true
2016-01-21 13:43:23,"704 VICTORIA AVE,FLINT,48507",0,0,true
2016-01-21 13:43:26,"4450 ASHLAWN DR,FLINT,48507-5656",0,0,true
2016-01-21 13:43:27,"4302 TOMMY ARMOUR DR,FLINT,48506",0,0,true
2016-01-21 13:43:29,"944 MARKHAM ST,FLINT,48507",0,90,true
2016-01-21 13:43:31,"1259 NIAGARA,FLINT,48503",0,0,true
2016-01-21 13:43:34,"1055 S BALLENGER HWY,FLINT,48532",0,0,true
2016-01-21 13:43:42,"3601 BALFOUR CT,FLINT,48507",0,0,true
2016-01-21 13:43:43,"2901 EPSILON TRAIL,FLINT,48506",0,0,true
2016-01-21 13:43:44,"2809 FIELDING ST,FLINT,48503",0,0,true
2016-01-21 13:43:46,"1928 BECKER STREET APT A,FLINT,48503",0,0,true
2016-01-21 13:43:47,"4435 E CARPENTER RD,FLINT,48506",0,0,true
2016-01-21 13:43:49,"2525 BROWN ST,FLINT,48503",0,0,true
2016-01-21 13:43:51,"3706 ALDON LANE,FLINT,48506",0,0,true
2016-01-21 13:43:53,"912 E KEARSLEY ST,FLINT,48503",0,0,true
2016-01-21 13:43:55,"5708 WESTERN RD,FLINT,48506",0,0,true
2016-01-21 13:44:01,"3706 SHERRY DR,FLINT,48506",0,50,true
2016-01-21 13:44:03,"1009 KENSINGTON AVE,FLINT,48503",0,0,true
2016-01-21 13:44:10,"214 W BELVIDERE AVE,FLINT,48503",0,0,true
2016-01-21 13:44:12,"4071 MITCHELL DR,FLINT,48506",0,0,true
2016-01-21 13:44:14,"1822 UTAH AVE,FLINT,48506",0,0,true
2016-01-21 15:30:00,"2927 MEISNER AVE,FLINT,48506",0,60,true
2016-01-21 15:30:00,"426 W FLINT PARK DR,FLINT,48505",0,0,true
2016-01-21 15:30:00,"2609 KENTUCKY AVE,FLINT,48506",0,0,true
2016-01-21 15:30:00,"2802 WINDCLIFF TR,FLINT,48506",0,50,true
2016-01-21 15:30:00,"1933 BARKS ST,FLINT,",0,100,true
2016-01-21 15:30:00,"6821 FLEETWOOD DR,FLINT,48504",0,0,true
2016-01-21 15:30:00,"2310 CRESTBROOK,FLINT,48507",0,60,true
2016-01-21 15:30:00,"5928 WINDCLIFF TRAIL,FLINT,48506",0,0,true
2016-01-21 15:30:00,"3809 TWILIGHT DR,FLINT,48506",0,0,true
2016-01-21 15:30:00,"800 E COURT ST APT 324,FLINT,48503",0,160,true
2016-01-21 15:30:00,"2952 CARR ST,FLINT,48506",0,0,true
2016-01-21 15:30:00,"4229 PENGELLY,FLINT,48507",0,0,true
2016-01-21 15:30:00,"1617 ILLINOIS AVE,FLINT,48506",0,130,true
2016-01-21 15:30:00,"1001 N FRANKLIN AVE,FLINT,48506",0,500,true
2016-01-21 15:30:00,"3175 RICHFIELD RD,FLINT,48506",0,50,true
2016-01-21 15:30:00,"G3100 N GENESEE RD,FLINT,48506",0,0,true
2016-01-21 15:30:00,"3102 CENTER RD,FLINT,48506",0,0,true
2016-01-21 15:30:00,"1132 WOODSIDE DR,FLINT,48503",0,360,true
2016-01-21 15:30:00,"1001 E ATHERTON RD,FLINT,48507",0,60,true
2016-01-21 15:30:00,"3410 FENTON,FLINT,48507",0,70,true
2016-01-21 15:31:00,"3111 BEYELEST,FLINT,48504",0,0,true
2016-01-21 15:31:00,"701 WELCH BLVD,FLINT,48504",0,120,true
2016-01-21 15:31:00,"3220 BARTH ST,FLINT,",0,0,true
2016-01-21 15:31:00,"1718 ROSELAWN DR,FLINT,48504",0,0,true
2016-01-21 15:31:00,"2502 NEBRASKA AVE,FLINT,48506",0,80,true
2016-01-21 15:31:00,"3806 SUNRIDGE DR,FLINT,48506",0,60,true
2016-01-21 15:31:00,"3007 HAMPSTED DR,FLINT,48506",0,0,true
2016-01-21 15:31:00,"4107 MITCHELL DR,FLINT,48506",0,0,true
2016-01-21 15:31:00,"G-3094 N CENTER RD,FLINT,48506",0,0,true
2016-01-21 15:31:00,"3453 RANGELEY ST APT 8,FLINT,48503",0,0,true
2016-01-21 15:31:00,"5001 ALPHA WAY,FLINT,48506",0,90,true
2016-01-21 15:31:00,"6075 N GENESEE RD,FLINT,48506",0,0,true
2016-01-21 15:31:00,"1055 RIVER FOREST DR,FLINT,48532",0,0,true
2016-01-21 15:31:00,"4008 OGEMA AVE,FLINT,48507",0,0,true
2016-01-21 15:31:00,"3801 KENT ST,FLINT,48503",0,0,true
2016-01-21 15:31:00,"4460 MEADOWBROOK DRIVE,FLINT,48506",0,70,true
2016-01-21 15:31:00,"3413 HUGGINS AVE,FLINT,48506",0,50,true
2016-01-21 15:31:00,"3180 BRANCH RD,FLINT,48506",0,120,true
2016-01-21 15:31:00,"2722 BEGOLE ST,FLINT,48504",0,0,true
2016-01-21 15:31:00,"1926 GREENBRIAR LANE,FLINT,",0,0,true
2016-01-21 15:31:00,"1710 INDIANA AVE,FLINT,48506",0,50,true
2016-01-21 15:31:00,"1505 S FRANKLIN,FLINT,48503",0,70,true
2016-01-21 15:31:00,"1502 ILLINOIS AVE,FLINT,48506",0,0,true
2016-01-21 15:31:00,"101 W YORK AVE,FLINT,",0,0,true
2016-01-21 15:31:00,"3829 CRAIG DR,FLINT,48506",0,0,true
2016-01-21 15:31:00,"2605 TORRANCE AVE,FLINT,48506",0,0,true
2016-01-21 15:31:00,"508 SHEFFIELD AVE,FLINT,48503",0,0,true
2016-01-21 15:31:00,"2405 MARYLAND,FLINT,48506",0,0,true
2016-01-21 15:33:00,"5412 DUPONT ST,FLINT,48505",0,70,true
2016-01-21 15:33:00,"132 W JAMIESON ST,FLINT,48505",0,0,true
2016-01-21 15:33:00,"1919 COLON ST,FLINT,48506",0,0,true
2016-01-21 15:33:00,"3714 GRATIOT AVE,FLINT,48503",0,0,true
2016-01-21 15:33:00,"4034 MILBOURNE AVE,FLINT,48504",0,0,true
2016-01-21 15:33:00,"3730 WHITTIER AVE,FLINT,48506",0,0,true
2016-01-21 15:33:00,"1572 DUPONT ST,FLINT,48504",0,0,true
2016-01-21 15:33:00,"2802 SLOAN ST,FLINT,48504",0,50,true
2016-01-21 15:33:00,"2018 WOODLANE,FLINT,48503",0,0,true
2016-01-21 15:33:00,"422 WEST DEWEY ST,FLINT,48505",0,0,true
2016-01-21 15:33:00,"1531 WALDMAN AVE,FLINT,48507",0,200,true
2016-01-21 15:33:00,"3743 KENT ST,FLINT,48503",0,50,true
2016-01-21 15:33:00,"2909 CHEROKEE AV,FLINT,48507",0,170,true
2016-01-21 15:33:00,"713 LELAND ST,FLINT,48507",0,60,true
2016-01-21 15:33:00,"121 WEST JAMIESON,FLINT,48505",0,0,true
2016-01-21 15:33:00,"1939 PENBROOK LN,FLINT,48507",0,90,true
2016-01-21 15:33:00,"2956 STEVENSON,FLINT,48505",0,90,true
2016-01-21 15:33:00,"2710 DUPONT ST,FLINT,48504",0,0,true
2016-01-21 15:33:00,"452 S SAGINAW ST APT 403,FLINT,48502",0,250,true
2016-01-21 15:33:00,"1305 S STOCKER AVE,FLINT,48503",0,0,true
2016-01-21 15:33:00,"3314 DEARBORN AVE,FLINT,48507",0,260,true
2016-01-21 15:33:00,"3508 HUGGINS AVE,FLINT,48506",0,0,true
2016-01-21 15:33:00,"3748 DAKOTA AVE,FLINT,48506",0,60,true
2016-01-21 15:33:00,"519 CHALMERS ST,FLINT,48503",0,0,true
2016-01-21 15:33:00,"1039 VICTORA,FLINT,48507",0,70,true
2016-01-21 15:33:00,"3728 WORCHESTER DR,FLINT,48503",0,0,true
2016-01-21 15:33:00,"2006 BARK ST,FLINT,48503",0,0,true
2016-01-21 15:33:00,"624 W STEWART AVE,FLINT,48505",0,0,true
2016-01-21 15:33:00,"705 CRAWFORD ST,FLINT,48507",0,0,true
2016-01-21 15:33:00,"723 LOCHHEAD AVE,FLINT,48507",0,0,true
2016-01-21 15:34:00,"3809 PARK FOREST DRIVE,FLINT,48507",0,0,true
2016-01-21 15:34:00,"626 LETA AVE,FLINT,48507",0,160,true
2016-01-21 15:34:00,"1501 WALDMAN AVE,FLINT,48507",0,70,true
2016-01-21 15:34:00,"3114 IROQUOIS AVE,FLINT,48505",0,0,true
2016-01-21 15:34:00,"1311 WEST PATERSON ST,FLINT,48504",0,170,true
2016-01-21 15:34:00,"218 W LINSEY BLVD,FLINT,48503",0,0,true
2016-01-21 15:34:00,"2029 SEYMOUR AVE,FLINT,48506",0,0,true
2016-01-21 15:34:00,"14 BIRCH CREST DR,FLINT,48504",0,0,true
2016-01-21 15:34:00,"1601 ARLINGTON AVE,FLINT,48506",0,0,true
2016-01-21 15:34:00,"212 WEST PATERSON,FLINT,48503",0,0,true
2016-01-21 15:34:00,"221 E MOORE ST,FLINT,48505",0,0,true
2016-01-21 15:34:00,"1830 WHITTLESEY ST,FLINT,48503",0,0,true
2016-01-21 15:34:00,"815 EAST ST #3,FLINT,48503",0,0,true
2016-01-21 15:34:00,"5481 SUGARBUSH LN,FLINT,48532",0,0,true
2016-01-21 15:34:00,"2301 CANNIFF ST,FLINT,48504",0,0,true
2016-01-21 15:34:00,"2841 HILLCREST AVE,FLINT,48507",0,110,true
2016-01-21 15:34:00,"313 LETA,FLINT,48507",0,0,true
2016-01-21 15:34:00,"634 W HOME AVE,FLINT,48505",0,0,true
2016-01-21 15:34:00,"1035 CRAWFORD STREET,FLINT,48507",0,0,true
2016-01-21 15:34:00,"1299 W CASS AVE,FLINT,48505",0,0,true
2016-01-21 15:34:00,"1610 NEW YORK AVE,FLINT,48506",0,0,true
2016-01-21 15:34:00," FLUSHING RD,FLINT,",0,60,true
2016-01-21 15:34:00,"3617 N TERM ST,FLINT,48506",0,0,true
2016-01-21 15:34:00,"3525 CHAMBERS ST,FLINT,48507",0,90,true
2016-01-21 15:34:00,"2334 KELLAR AVE,FLINT,48504",0,0,true
2016-01-21 15:34:00,"1647 ILLINOIS AVE,FLINT,48506",0,0,true
2016-01-21 15:34:00,"706 VERMILYA AVE,FLINT,48507",0,0,true
2016-01-21 15:34:00,"1105 NEUBERT AVE,FLINT,48507",0,70,true
2016-01-21 15:34:00,"2004 BECKER,FLINT,48503",0,0,true
2016-01-21 15:34:00,"4140.5DOUGLAS AVE,FLINT,48506",0,0,true
2016-01-21 15:34:00,"3401 COMANCHE AVE,FLINT,48507",0,0,true
2016-01-21 15:47:00,"616 WALDMAN AVE,FLINT,48507",0,0,true
2016-01-21 15:47:00,"203 S CUMBERLAND ST,FLINT,",0,0,true
2016-01-21 15:47:00,"2428 KENTUCKY AVE,FLINT,48506",0,0,true
2016-01-21 15:47:00,"4264 SUGAR MAPLE RUN,FLINT,48506",0,80,true
2016-01-21 15:47:00,"4500 S SAGINAW ST,FLINT,48507",0,580,true
2016-01-21 15:47:00,"6514 HILLCROFT DR,FLINT,",0,50,true
2016-01-21 15:47:00,"2919 MEISNER AVE,FLINT,48506",0,0,true
2016-01-21 15:47:00,"921 E PHILADELPHIA BLVD,FLINT,",0,0,true
2016-01-21 15:47:00,"1160 E PIPER AVE,FLINT,",0,0,true
2016-01-21 15:47:00,"2919 MEISNER AVE,FLINT,48506",0,0,true
2016-01-21 15:47:00,"1409 MABEL AVE,FLINT,48506",0,250,true
2016-01-21 15:47:00,"3009 OKLAHOMA AVE,FLINT,48506",0,0,true
2016-01-21 15:47:00,"2001 N CENTER RD APT 218,FLINT,48506",0,0,true
2016-01-21 15:47:00,"1398 HAMMERBERG CT,FLINT,48507",0,0,true
2016-01-21 15:47:00,"2021 CHELAN ST,FLINT,48503",0,0,true
2016-01-21 15:47:00,"1820 KENT ST,FLINT,48503",0,0,true
2016-01-21 15:47:00,"3519 DAKOTA AVENUE,FLINT,48506",0,200,true
2016-01-21 15:47:00,"1522 BERRYWOOD LN,FLINT,48507",0,0,true
2016-01-21 15:47:00,"3726 RICHFIELD,FLINT,48506",0,110,true
2016-01-21 15:47:00,"1826 PENBROOK LANE,FLINT,48507",0,70,true
2016-01-21 15:47:00,"4036 MANN HALL AVE,FLINT,48532",0,80,true
2016-01-21 15:47:00,"2820 CLEMENT ST,FLINT,48504",0,0,true
2016-01-21 15:47:00,"5013 ALPHA WAY,FLINT,48506",0,0,true
2016-01-21 15:47:00,"2409 OAKLAHOMA AVE,,48506",0,0,true
2016-01-21 15:47:00,"3601 LEITH ST,FLINT,48506",0,0,true
2016-01-21 15:47:00,"3127 COLORADO AVE,FLINT,48506",0,0,true
2016-01-21 15:47:00,"309 W FLINT PARK,FLINT,48505",0,0,true
2016-01-21 15:47:00,"3322 HERRICK ST,FLINT,48503",0,0,true
2016-01-21 15:47:00,"4020 N DORT HWY,FLINT,48506",0,370,true
2016-01-21 15:47:00,"3842 MARMION,FLINT,48506",0,0,true
2016-01-21 15:47:00,"1236 SOMERSET LANE,FLINT,48503",0,0,true
2016-01-21 15:48:00,"2409 SLOAB ST,FLINT,48504",0,0,true
2016-01-21 15:48:00,"3221 N DORT HWY,FLINT,48506",0,0,true
2016-01-21 15:48:00,"3405 BENNETT AVE,FLINT,48506",0,0,true
2016-01-21 15:48:00,"3712 TWILIGHT DR,FLINT,48506",0,0,true
2016-01-21 15:48:00,"2420 PLAINFIELD AVE,FLINT,48506",0,0,true
2016-01-21 15:48:00,"3914 SENECA ST,FLINT,48504",0,100,true
2016-01-21 15:48:00,"710 AVON ST,FLINT,48503",0,80,true
2016-01-21 15:48:00,"363 E PULASKI AVE,FLINT,48505",0,0,true
2016-01-21 15:48:00,"2941 BEGOLE,FLINT,48503",0,0,true
2016-01-21 15:48:00,"3807 LIPPENCOTT #6,FLINT,48507",0,0,true
2016-01-21 15:48:00,"1547 E ATHERTON RD,FLINT,48507",0,0,true
2016-01-21 15:48:00,"3701 PENBROOK LN APT 12,FLINT,48507",0,0,true
2016-01-21 15:48:00,"3401 DEARBORN,FLINT,48507",0,80,true
2016-01-21 15:48:00,"1606 LOYOLA DR,FLINT,48503",0,160,true
2016-01-21 15:48:00,"3119 COLORADO AVE,FLINT,48506",0,0,true
2016-01-21 15:48:00,"1011 SOUTHLLAWN AVE,FLINT,48507",0,0,true
2016-01-21 15:48:00,"3715 LORRAINE AVE,FLINT,48506",0,0,true
2016-01-21 15:48:00,"2927 NATHAN AVE,FLINT,48506",0,0,true
2016-01-21 15:48:00,"5016 DELTA DR,FLINT,48506",0,0,true
2016-01-21 15:48:00,"3714 COMANCHE AVE,FLINT,48507",0,0,true
2016-01-21 15:48:00,"755 E PASADENA AVE,FLINT,48505",0,0,true
2016-01-21 15:48:00,"1325 LEISURE DR,FLINT,48507",0,120,true
2016-01-21 15:48:00,"2624 CHICAGO BLVD,FLINT,48503",0,170,true
2016-01-21 15:48:00,"2121 DWIGHT AVE,FLINT,48503",0,0,true
2016-01-21 15:48:00,"2737 SWAZE ST,FLINT,48503",0,0,true
2016-01-21 15:48:00,"3414 DEARBORN AVE,FLINT,48507",0,0,true
2016-01-21 15:48:00,"910 FROST ST,FLINT,48504",0,90,true
2016-01-21 15:48:00,"2030 WOOD LANE,FLINT,48503",0,0,true
2016-01-21 15:48:00,"2917 MONTANA AVE,FLINT,",0,0,true
2016-01-21 15:48:00,"3822 WESTERN RD,FLINT,48506",0,0,true
2016-01-21 15:48:00,"2808 WINDRUSH PASS,FLINT,48506",0,0,true
2016-01-21 15:59:45,"652 INGLESIDE AVE,FLINT,48507",0,0,true
2016-01-21 15:59:47,"2309 PIERCE ST,FLINT,",0,0,true
2016-01-21 15:59:50,"2100 CADILLAC ST,FLINT,48504",0,0,true
2016-01-21 15:59:51,"1402 CLANCY AVE,FLINT,48503",0,0,true
2016-01-21 15:59:53,"3129 MALLERY,FLINT,48504",0,60,true
2016-01-21 15:59:56,"4625 MILTON DRIVE,FLINT,48507",0,0,true
2016-01-21 16:00:00,"3347 CHEYENNE AVE,FLINT,48529",0,220,true
2016-01-21 16:00:06,"1510 GREENBROOK LN,FLINT,48507",0,60,true
2016-01-21 16:00:09,"501 GREENFIELD AVE,FLINT,48503",0,0,true
2016-01-21 16:00:12,"2817 STEVENSON ST,FLINT,48504",0,0,true
2016-01-21 16:00:13,"1527 W HOME AVE,FLINT,",0,0,true
2016-01-21 16:00:14,"2215 VERNON AVE,FLINT,48503",0,0,true
2016-01-21 16:00:15,"854 INGLESIDE AVE,FLINT,48507",0,0,true
2016-01-21 16:00:19,"910 DELL AVE,FLINT,48507",0,60,true
2016-01-21 16:00:22,"3331 MENOMINEE,BURTON,",0,300,true
2016-01-21 16:00:23,"3209 YALE ST,FLINT,48503",0,0,true
2016-01-21 16:00:24,"6606 BELLTREE LANE,FLINT,48504",0,0,true
2016-01-21 16:00:27,"700 E COURT ST APT 304,FLINT,48503",0,120,true
2016-01-21 16:00:29,"209 W LORADO AVE,FLINT,48505",0,0,true
2016-01-21 16:00:32,"541 BURROUGHS,FLINT,48507",0,200,true
2016-01-21 16:00:39,"1212 WOODLAWN PARK DR,FLINT,48503",0,50,true
2016-01-21 16:00:40,"1111 S GRAND TRAVERSE APT 1,FLINT,48502",0,0,true
2016-01-21 16:00:42,"1318 BARBARA DR,FLINT,48505",0,0,true
2016-01-21 16:00:47,"6621 DUPONT,FLINT,48505",0,0,true
2016-01-21 16:00:48,"1616 CALUMET AVE,FLINT,48503",0,0,true
2016-01-21 16:00:53,"613 E AUSTIN,FLINT,48505",0,0,true
2016-01-21 16:00:56,"2618 NORBERT ST,FLINT,48504",0,90,true
2016-01-21 16:00:57,"1002 MACDONALD AVE,FLINT,48507",0,0,true
2016-01-21 16:00:58,"1209 KENSINGTON,FLINT,48503",0,0,true
2016-01-21 16:00:59,"1705 DELAWARE AVE,FLINT,48506",0,230,true
2016-01-21 16:01:01,"3344 CHEYENNE AVE,BURTON,48529",0,180,true
2016-01-21 16:01:03,"2602 DELAWARE AVE,FLINT,48506",0,0,true
2016-01-21 16:01:04,"3410 BRENT AVE,FLINT,48506",0,0,true
2016-01-21 16:01:08,"1605 WALDMAN AVE,FLINT,48507",0,0,true
2016-01-21 16:01:09,"3299 CHEYENNE AVE,FLINT,48529",0,0,true
2016-01-21 16:01:10,"632 PART RIDGE ST,FLINT,48503",0,140,true
2016-01-21 16:01:13,"2813 RASKOB ST,FLINT,48504",0,0,true
2016-01-21 16:01:15,"2205 NEBRASKA AVENUE,FLINT,48506",0,0,true
2016-01-21 16:01:16,"2513 VALLEY DR (ROLLING WOOD APT),FLINT,48506",0,0,true
2016-01-21 16:01:18,"609 BURROUGHS AVE,FLINT,48507",0,0,true
2016-01-21 16:01:22,"4324 W PASADENA AVE,FLINT,",0,0,true
2016-01-21 16:01:30,"1717 TIMBERLANE DR,FLINT,48507",0,0,true
2016-01-21 16:01:31,"6631 PARKBELT DR,,",0,0,true
2016-01-21 16:01:32,"1137 S DYE RD,FLINT,48532",0,0,true
2016-01-21 16:01:35,"1812 COLCHESTER RD,FLINT,48503",0,0,true
2016-01-21 16:01:37,"1628 SEMINOLE STREET,FLINT,48503",0,0,true
2016-01-21 16:01:39,"1102 W DAYTON STREET,FLINT,48504",0,70,true
2016-01-21 16:01:43,"3508 CLOVERTREE LN,FLINT,48532",0,0,true
2016-01-21 16:01:46,"6932 YORKSHIRE DR,FLINT,48505",0,0,true
2016-01-21 16:01:47,"648 HURON ST,FLINT,48507",0,390,true
2016-01-21 16:01:48,"1913 SEYMOUR,FLINT,48503",0,0,true
2016-01-21 16:12:24,"4029 MILBOURNE AVE,FLINT,48504",0,80,true
2016-01-21 16:12:27,"902 E COURT APT 601,FLINT,48503",0,0,true
2016-01-21 16:12:28,"316 WEST BUNDY AVE,FLINT,48505",0,80,true
2016-01-21 16:12:30,"641 W HOME AVE,FLINT,48505",0,130,true
2016-01-21 16:12:33,"6811 DUPONT ST,FLINT,48505",0,0,true
2016-01-21 16:12:34,"426 E GRACELAWN,FLINT,48505",0,0,true
2016-01-21 16:12:36,"3117 THOM ST,FLINT,48506",0,0,true
2016-01-21 16:12:37,"1018 HAMMOND AVE,FLINT,48503",0,0,true
2016-01-21 16:12:39,"2324 LAPEER RD #308,FLINT,48503",0,0,true
2016-01-21 16:12:41,"613 STEVENS ST,,",0,0,true
2016-01-21 16:12:45,"3413 BRENT AVE,FLINT,48506",0,0,true
2016-01-21 16:12:50,"3618 PINGREE AVE,FLINT,48503",0,0,true
2016-01-21 16:12:51,"1918 LLOYD ST,FLINT,48504",0,150,true
2016-01-21 16:12:52,"625 WEST HOLBROOK AVE,FLINT,48505",0,0,true
2016-01-21 16:12:53,"1002 COPEMAN BLVD,FLINT,48504",0,130,true
2016-01-21 16:12:54,"3726 CRAIG DR,FLINT,48506",0,0,true
2016-01-21 16:12:55,"3711 BRANCH RD,FLINT,48506",0,0,true
2016-01-21 16:12:57,"1114 W PIERSON RD,FLINT,48505",0,0,true
2016-01-21 16:12:58,"5005 MIAMI LN,FLINT,48504",0,0,true
2016-01-21 16:12:59,"3111 DALE AVE,FLINT,48506",0,110,true
2016-01-21 16:13:01,"4009 TUXEDO,FLINT,48507",0,0,true
2016-01-21 16:13:05,"413 GARLAND ST #2,FLINT,48503",0,90,true
2016-01-21 16:13:07,"217 W PULASKI,FLINT,48505",0,0,true
2016-01-21 16:13:08,"418 W RANKIN ST,FLINT,48505",0,0,true
2016-01-21 16:13:09,"2615 DUPONT ST,FLINT,48504",0,60,true
2016-01-21 16:13:12,"1326 ELDORADO DR,FLINT,48504",0,0,true
2016-01-21 16:13:14,"1520 PETTIBONE AVE,FLINT,48507",0,0,true
2016-01-21 16:13:17,"618 LETA AVE,FLINT,48507",0,0,true
2016-01-21 16:13:19,"3418 CHEROKEE AVE,FLINT,48507",0,0,true
2016-01-21 16:13:22,"1924 GIL MARTIN ST,FLINT,48503",0,0,true
2016-01-21 16:13:23,"4401 CHEYENNE AVE,FLINT,48507",0,0,true
2016-01-21 16:13:27,"845 SIMCOE AVE,FLINT,48507",0,70,true
2016-01-21 16:13:32,"4617 THETFORD DR,FLINT,48505",0,0,true
2016-01-21 16:13:35,"983 MANN AVE APT 14,FLINT,48503",0,0,true
2016-01-21 16:13:37,"2307 CALUMET ST,FLINT,48503",0,80,true
2016-01-21 16:13:41,"3217 RISEDORPH AVE,FLINT,48506",0,0,true
2016-01-21 16:13:43,"4907 THETA PASSAGE,FLINT,48506",0,0,true
2016-01-21 16:13:44,"1718 RAMSAY BLVD,FLINT,48503",0,110,true
2016-01-21 16:13:45,"4414 SHAWNEE AVE,FLINT,48507",0,0,true
2016-01-21 16:13:46,"1839 BARKS STREET,FLINT,48503",0,0,true
2016-01-21 16:13:47,"3842 WOODROW,FLINT,48506",0,0,true
2016-01-21 16:13:48,"1830 WINDSOR LANE,FLINT,48507",0,130,true
2016-01-21 16:13:49,"3602 COMANCHE AVE,FLINT,48507",0,0,true
2016-01-21 16:13:57,"2801 S DORT HWY (LEASING OFFICE),FLINT,48507",0,0,true
2016-01-21 16:13:58,"3119 RASKOB ST,FLINT,",0,90,true
2016-01-21 16:13:59,"3926 RED ARROW RD,FLINT,48507",0,0,true
2016-01-21 16:14:00,"2578 THOMAS ST,FLINT,48504",0,70,true
2016-01-21 16:14:03,"1723 GRIGGS DRD,FLINT,48504",0,0,true
2016-01-21 16:14:04,"1123 SOUTH CORNELL AVE,FLINT,48505",0,0,true
2016-01-21 16:14:05,"517 E HOLBROOK AVE,FLINT,48505",0,0,true
2016-01-21 16:20:26,"3618 KLEINPELL ST,FLINT,48507",0,0,true
2016-01-21 16:20:28,"2725 MANSFIELD AVE,FLINT,48503",0,0,true
2016-01-21 16:20:29,"3719 LORRAINE AVE,FLINT,",0,90,true
2016-01-21 16:20:31,"801 ADDISON ST,FLINT,48505",0,60,true
2016-01-21 16:20:32,"1011 E 5TH AVE,FLINT,48503",0,0,true
2016-01-21 16:20:34,"2727 RASKOB ST,FLINT,48504",0,120,true
2016-01-21 16:20:39,"2058 BRANCH RD,FLINT,48506",0,0,true
2016-01-21 16:20:44,"1502 BEGOLE ST,FLINT,48503",0,0,true
2016-01-21 16:20:46,"206 W MARENGO AVENUE,FLINT,48505",0,0,true
2016-01-21 16:20:50,"616 W 7TH ST,FLINT,48503",0,0,true
2016-01-21 16:20:55,"756 VERMILYA AVE,FLINT,48507",0,0,true
2016-01-21 16:20:56,"6705 COLONIAL DR,FLINT,48505",0,0,true
2016-01-21 16:20:57,"625 RIDGEWAY,FLINT,48505",0,0,true
2016-01-21 16:20:59,"325 E GRACELAWN AVE,FLINT,",0,0,true
2016-01-21 16:21:02,"5313 GRANVILLE AVE,FLINT,48505",0,0,true
2016-01-21 16:21:03,"1291 W KURTZ AVE,FLINT,48505",0,0,true
2016-01-21 16:21:05,"129 RIVER BANK DR,FLINT,48505",0,60,true
2016-01-21 16:21:07,"3201 HELBER ST,FLINT,48504",0,0,true
2016-01-21 16:21:08,"5125 N CENTER RD LOT 65,FLINT,48506",0,0,true
2016-01-21 16:21:10,"1014 E HOLBROOK AVE,FLINT,48505",0,0,true
2016-01-21 16:21:18,"2924 WYOMING AVE,FLINT,48506",0,80,true
2016-01-21 16:21:20,"5202 WESTERN RD,FLINT,48506",0,0,true
2016-01-21 16:21:22,"2216 ARLINGTON AVE,FLINT,48506",0,70,true
2016-01-21 16:21:24,"2507 ALPHA WAY,FLINT,48506",0,140,true
2016-01-21 16:21:25,"3009 DAKOTA AVE,FLINT,48506",0,60,true
2016-01-21 16:21:26,"830 CLINTON ST,FLINT,48507",0,0,true
2016-01-21 16:21:27,"82 GREEN VALLEY RD,FLINT,48506",0,0,true
2016-01-21 16:21:29,"1054 EAST ALMA AVENUE,FLINT,48505",0,0,true
2016-01-21 16:21:30,"2715 COVENTRY CT,FLINT,48503",0,0,true
2016-01-21 16:21:31,"110 BRUCE ST,FLINT,48503",0,0,true
2016-01-21 16:21:32,"3113 CHEYENNE AVE,FLINT,48507",0,100,true
2016-01-21 16:21:34,"1713 LYNBROOK DR,FLINT,48507",0,0,true
2016-01-21 16:21:36,"1409 BELLCREEK DR,FLINT,48505",0,0,true
2016-01-21 16:21:37,"441 CATALPA CT,FLINT,48506",0,0,true
2016-01-21 16:21:38,"3211 WHITTIER AVE.,FLINT,48506",0,0,true
2016-01-21 16:21:41,"1814 GLENDALE AVE,FLINT,48503",0,0,true
2016-01-21 16:21:49,"3716 SUNRIDGE DR,FLINT,48506",0,70,true
2016-01-21 16:21:51,"1932 HOWARD AVE,FLINT,48503",0,100,true
2016-01-21 16:21:55,"633 PARTRIDGE ST,FLINT,48503",0,0,true
2016-01-21 16:21:56,"3510 CRAIG DR,FLINT,48506",0,0,true
2016-01-21 16:21:57,"1821 ROCKCREEK LANE,FLINT,48507",0,100,true
2016-01-21 16:22:01,"3357 WINDWOOD DR,FLINT,48504",0,80,true
2016-01-21 16:22:05,"3125 DEARBORN AVE,FLINT,48507",0,120,true
2016-01-21 16:32:39,"6613 N WEBSTER RD,FLINT,48505",0,0,true
2016-01-21 16:32:41,"1301 KEASLEY PK BLVD,FLINT,",0,0,true
2016-01-21 16:32:45,"1026 W DECAMP ST,FLINT,",0,0,true
2016-01-21 16:32:46,"2901 HAMPSTEAD DR,FLINT,48506",0,80,true
2016-01-21 16:32:48,"2802 RIEGLE,FLINT,48506",0,0,true
2016-01-21 16:32:49,"3344 MENOMINEE,BURTON,48529",0,1100,true
2016-01-21 16:32:50,"2807 N AVERILL AVE,FLINT,",0,0,true
2016-01-21 16:32:55,"G-3217 RICHFIELD RD,FLINT,48506",0,210,true
2016-01-21 16:32:57,"420 BUCKINGHAM AVE,FLINT,48507",0,60,true
2016-01-21 16:32:59,"G3342 FENTON RD,FLINT,48507",0,60,true
2016-01-21 16:33:05,"3910 BRANCH RD,FLINT,48506",0,0,true
2016-01-21 16:33:10,"5501 FLEMING RD,FLINT,48504",0,0,true
2016-01-21 16:33:11,"2602 MISSOSURI AVE,FLINT,48506",0,0,true
2016-01-21 16:33:13,"2529 SWAYZE ST,FLINT,48503",0,0,true
2016-01-21 16:33:19,"2222 LEVERN ST,FLINT,48506",0,0,true
2016-01-21 16:33:23,"1733 LAUREL OAK CT,FLINT,48507",0,110,true
2016-01-21 16:33:26,"2050 AITKEN,FLINT,48503",0,0,true
2016-01-21 16:33:28,"2801 S DORT HWY LOT L-12,FLINT,48509",0,200,true
2016-01-22 12:34:30,"2725 BRANDON AVE,FLINT,48503",0,100,true
2016-01-22 12:34:31,"1001 PERRY ST,FLINT,48504",0,0,true
2016-01-22 12:34:32,"1423 BLACKBERRY LN,FLINT,48507",0,80,true
2016-01-22 12:34:33,"629 E THIRD ST,FLINT,48503",0,180,true
2016-01-22 12:34:34,"3306 CHAMBERS,FLINT,48507",0,0,true
2016-01-22 12:34:37,"1035 LEISURE DR,FLINT,48507",0,0,true
2016-01-22 12:34:40,"2022 SLOAN STREET,FLINT,48504",0,110,true
2016-01-22 12:34:42,"1013 BARNEY AVE,FLINT,48503",0,0,true
2016-01-22 12:34:45,"3834 EVERGREEN PKWY,FLINT,48503",0,0,true
2016-01-22 12:34:46,"3406 CHAMBERS ST,FLINT,48507",0,50,true
2016-01-22 12:34:47,"3101 CHEYENNE AVE,FLINT,48507",0,0,true
2016-01-22 12:34:53,"5366 RIDGEBEND DR,FLINT,48507",0,0,true
2016-01-22 12:34:54,"1407 WOODLAWN PK,FLINT,48503",0,120,true
2016-01-22 12:34:56,"1829 VALLEY LANE,FLINT,48503",0,60,true
2016-01-22 12:34:57,"1406 SUTTON AVE,FLINT,48504",0,0,true
2016-01-22 12:34:59,"1106 CHURCH ST APT 3,FLINT,",0,0,true
2016-01-22 12:35:02,"1528 PETTIBONE AVE,FLINT,48507",0,130,true
2016-01-22 12:35:03,"3045 W LYNDON AVE,FLINT,48504",0,0,true
2016-01-22 12:35:04,"1411 DOWNEY ST,FLINT,48503",0,0,true
2016-01-22 12:35:05,"2935 CLEMENT ST,FLINT,48504",0,110,true
2016-01-22 12:35:06,"1921 GILMARTIN ST,FLINT,48503",0,0,true
2016-01-22 12:35:07,"3165 FINNEY CT,FLINT,48504",0,80,true
2016-01-22 12:35:08,"3122 WYOMING AVE,FLINT,48506",0,0,true
2016-01-22 12:35:09,"3144 DELAWARE,FLINT,48506",0,90,true
2016-01-22 12:35:10,"1804 SUNCREST DR,FLINT,48504",0,0,true
2016-01-22 12:35:12,"924 E 6TH STREET,FLINT,48503",0,120,true
2016-01-22 12:35:14,"1112 LAYFAYETTE ST,FLINT,48503",0,0,true
2016-01-22 12:35:16,"1919 CORUNNA ROAD,FLINT,48503",0,0,true
2016-01-22 12:35:17,"323 ALLENDALE PL,FLINT,48503",0,110,true
2016-01-22 12:35:18,"716 AVON ST,FLINT,48503",0,80,true
2016-01-22 12:35:21,"225 E 5TH STREET SUITE 200,FLINT,48502",0,100,true
2016-01-22 12:35:24,"5442 CORUMMA RD,FLINT,48532",0,0,true
2016-01-22 12:35:26,"2502 HILLS ST,FLINT,48503",0,0,true
2016-01-22 12:35:27,"3106 W COUNT ST,FLINT,48503",0,0,true
2016-01-22 12:35:29,"401 E PULASKI ST,FLINT,48505",0,0,true
2016-01-22 12:35:31,"613 STEVENSON ST,FLINT,48504",0,0,true
2016-01-22 12:35:32,"613 STEVENSON ST,FLINT,48504",0,0,true
2016-01-22 12:35:38,"4402 RED ARROW RD,FLINT,48507",0,0,true
2016-01-22 12:35:39,"601 LEITH ST,FLINT,48505",0,0,true
2016-01-22 12:35:43,"5246 RIDGEBEND DR,FLINT,48507",0,0,true
2016-01-22 12:35:44,"2018 KENTUCKY AVE,FLINT,48506",0,0,true
2016-01-22 12:35:45,"139 E BELVIDERE AVE,FLINT,48503",0,0,true
2016-01-22 12:35:46,"209 COMMON WEALTH AVE,FLINT,48503",0,0,true
2016-01-22 12:35:48,"4401 ASHLAWN DR,FLINT,48507",0,0,true
2016-01-22 12:35:49,"2817 COMANCHE AVE,FLINT,48507",0,0,true
2016-01-22 12:35:52,"4518 PENGELLY RD,FLINT,48507",0,0,true
2016-01-22 12:35:55,"3742 DAVISON RD,FLINT,48439",0,0,true
2016-01-22 12:35:57,"3108 MILLER RD,FLINT,48503",0,0,true
2016-01-22 12:35:58,"1102 MACDONALD AVE,FLINT,",0,0,true
2016-01-22 12:35:59,"3925 HOGARTH,FLINT,48532",0,100,true
2016-01-22 12:36:00,"5495 E COLDWATER RD,FLINT,48506",0,0,true
2016-01-22 12:36:02,"3113 WHITTIER AVE,FLINT,48506",0,0,true
2016-01-22 12:36:03,"G-2196 S DYE RD,FLINT,48532",0,70,true
2016-01-22 12:36:05,"3420 DAKOTA AVE,FLINT,",0,0,true
2016-01-22 12:36:07,"1179 E LORADO AVE,FLINT,48505",0,0,true
2016-01-22 12:36:08,"3525 E COURT,FLINT,48506",0,300,true
2016-01-22 12:36:09,"G3557 CONCORD ST,FLINT,",0,0,true
2016-01-22 12:36:10,"1717 OHIO AVE,FLINT,48506",0,80,true
2016-01-22 12:36:11,"3305 BEGOLE ST,FLINT,48504",0,100,true
2016-01-22 12:36:13,"1819 AVENUE A,FLINT,48505",0,0,true
2016-01-22 12:37:18,"3499 S LINDEN RD SUITE 5,FLINT,48507",0,320,true
2016-01-22 12:37:19,"902 N CHEVROLET AVE,FLINT,48504",0,0,true
2016-01-22 12:37:21,"917 EAST FORK DRIVE,FLINT,48503",0,70,true
2016-01-22 12:37:22,"1945 LINCOLN DR,FLINT,48503",0,0,true
2016-01-22 12:37:27,"723 LINCOLN AVE,FLINT,48507",0,0,true
2016-01-22 12:37:28,"314 W 4TH AVENUE,FLINT,48503",0,200,true
2016-01-22 12:37:33,"3277 MENOMINEE ST,BURTON,48529",0,200,true
2016-01-22 12:37:37,"1939 WOODSLEA DR #2,FLINT,48507",0,100,true
2016-01-22 12:37:39,"G3418 BRANCH RD,FLINT,48506",0,60,true
2016-01-22 12:37:40,"202 WESTMORELAND AVENUE,FLINT,",0,0,true
2016-01-22 12:37:42,"1809 CRESTBROOK LN,FLINT,48507",0,0,true
2016-01-22 12:37:46,"5817 DUPONT ST,FLINT,48505",0,210,true
2016-01-22 12:37:50,"2825 HAMPSTEAD DR,FLINT,48506",0,50,true
2016-01-22 12:37:58,"1132 WOODSIDE DR,FLINT,48503",0,210,true
2016-01-22 12:38:00,"3010 HAWTHORNE DR,FLINT,48503",0,110,true
2016-01-22 12:38:03,"2412 BETA LANE,FLINT,48506",0,0,true
2016-01-22 12:38:05,"2001 OXFORD LN,FLINT,48503",0,60,true
2016-01-22 12:38:09,"803 EAST ST APT 2,FLINT,48503",0,170,true
2016-01-22 12:38:11,"3314 STONEGATE DR,FLINT,",0,0,true
2016-01-22 12:38:14,"3233 ARIZONA,FLINT,48506",0,0,true
2016-01-22 12:38:16,"4606 MILTON DR,FLINT,48507",0,0,true
2016-01-22 12:38:20,"3716 PROVIDENCE ST,FLINT,48503",0,0,true
2016-01-22 12:38:21,"3922 ZIMMERMAN ST,FLINT,48532",0,0,true
2016-01-22 12:38:22,"2032 HILLS ST,FLINT,48503-2812",0,80,true
2016-01-22 12:38:29,"2414 CUMINGS AVE,FLINT,48503",0,0,true
2016-01-22 12:38:31,"912 CRAWFORD ST,FLINT,48507",0,110,true
2016-01-22 12:38:32,"327 ALLENDALE PLACE,FLINT,48503",0,240,true
2016-01-22 12:38:33,"1828 LAUREL OAK DR,FLINT,48507",0,0,true
2016-01-22 12:38:34,"534 W PULASKI,FLINT,48505",0,0,true
2016-01-22 12:38:35,"306 W PASADENA AVE,FLINT,48505",0,0,true
2016-01-22 12:38:38,"226 E FOSS AVE,FLINT,48505",0,0,true
2016-01-22 12:38:40,"3309 IROQUOIS AVE,FLINT,",0,0,true
2016-01-22 12:38:41,"635 PETTIBONE AVE,FLINT,48507",0,0,true
2016-01-22 12:38:43,"319 E YORK AVE,FLINT,48505",0,0,true
2016-01-22 12:38:44,"2714 CLEMENT ST,FLINT,48504",0,0,true
2016-01-22 12:38:46,"2101 STEDRON AVE APT #106,FLINT,48504",0,180,true
2016-01-22 12:38:48,"1526 MULBERRY LN,FLINT,48507",0,60,true
2016-01-22 12:38:50,"2425 FLUSHING RD,FLINT,48504",0,60,true
2016-01-22 12:38:52,"G3062 N CENTER RD,FLINT,48506-2665",0,110,true
2016-01-22 12:38:53,"2931 NATHAN AVE,FLINT,48506",0,0,true
2016-01-22 12:38:54,"523 CLINTON ST,FLINT,48507",0,0,true
2016-01-22 12:38:55,"3747 MARYLAND,FLINT,48506",0,0,true
2016-01-22 12:38:56,"602 WEST WITHERBEE,FLINT,48503",0,0,true
2016-01-22 12:39:03,"5914 CLOVERLAWN DR,FLINT,",0,0,true
2016-01-22 12:39:04,"4519 WISNER ST,FLINT,48504",0,0,true
2016-01-22 12:39:05,"405 W RIDGEWAY AVE,FLINT,48505",0,0,true
2016-01-22 12:39:06,"120 DAMON ST,FLINT,48505",0,0,true
2016-01-22 12:55:48,"4302 WESTERN ROAD- LOT 13,FLINT,48506",0,60,true
2016-01-22 12:55:52,"615 AVON ST,FLINT,48503",0,0,true
2016-01-22 12:55:53,"508 FROST ST,FLINT,48504",0,0,true
2016-01-22 12:55:54,"2429 KANSAS,FLINT,48506",0,0,true
2016-01-22 12:55:56,"1106 CHURCH APT. ST.,FLINT,48502",0,0,true
2016-01-22 12:55:58,"3711 INDUSTRIAL AVE,FLINT,48505",0,0,true
2016-01-22 12:55:59,"724 BARNEY AVE,FLINT,48503",0,0,true
2016-01-22 12:56:01,"3608 SUNRIDGE DR,FLINT,48506",0,90,true
2016-01-22 12:56:06,"2802 PLAINFIELD AVE,FLINT,48505",0,60,true
2016-01-22 12:56:08,"3721 WOODROW AVE,FLINT,48506",0,0,true
2016-01-22 12:56:00,"3905 ZIMMERMAN ST,FLINT,48532",0,60,true
2016-01-22 12:56:11,"3061 EGLESTON AVE,FLINT,48506",0,0,true
2016-01-22 12:56:13,"3706 TWILIGHT DR,FLINT,48506",0,0,true
2016-01-22 12:56:14,"3109 YALE ST,FLINT,48503",0,0,true
2016-01-22 12:56:15,"3307 LEITH ST,FLINT,48505",0,120,true
2016-01-22 12:56:16,"3734 DELAWARE AVE,FLINT,48506",0,0,true
2016-01-22 12:56:17,"2432 OHIO AVE,FLINT,48506",0,0,true
2016-01-22 12:56:20,"1810 W HOBSON AVE,FLINT,48505",0,0,true
2016-01-22 12:56:21,"830 CRAWFORD STREET,FLINT,48507",0,0,true
2016-01-22 12:56:24,"636 HURON ST.,FLINT,48504",0,0,true
2016-01-22 12:56:25,"5501 DUPONT ST,FLINT,48505",0,60,true
2016-01-22 12:56:26,"3610 ALDON LANE,FLINT,48506-2680",0,70,true
2016-01-22 12:56:27,"3111 MARYHLAND AVE,FLINT,48506",0,80,true
2016-01-22 12:56:30,"2964 NATHAN AVE,FLINT,48506",0,80,true
2016-01-22 12:56:33,"2009 ADAMS AVE,FLINT,48505",0,90,true
2016-01-22 12:56:34,"959 JERALD DR,FLINT,48506",0,0,true
2016-01-22 12:56:35,"38 PINEVIEW DR,FLINT,48506",0,0,true
2016-01-22 12:56:36,"3198 HUGGINS RD,FLINT,48505",0,0,true
2016-01-22 12:56:37,"1501 RIDGE LAWN AVE,FLINT,48503",0,70,true
2016-01-22 12:56:38,"1726 KENTUCKY AVE,FLINT,48506",0,0,true
2016-01-22 12:56:40,"509 E. HARRIET ST,FLINT,48505",0,0,true
2016-01-22 12:56:42,"3806 TRUMBULL AVE,FLINT,48504",0,0,true
2016-01-22 12:56:43,"1525 ML KING,FLINT,48503",0,60,true
2016-01-22 12:56:47,"5805 BRANCH RD,FLINT,48506",0,0,true
2016-01-22 12:56:48,"3323 HOLLY AVE,FLINT,48506",0,0,true
2016-01-22 12:56:52,"2004 BURNS ST,FLINT,48506",0,0,true
2016-01-22 12:56:55,"3813 WINONA ST,FLINT,48504",0,0,true
2016-01-22 12:56:56,"3218 SALISHAN CIRCLE,FLINT,48506",0,50,true
2016-01-22 12:56:58,"3214 SALISHAN CR,FLINT,48506",0,0,true
2016-01-22 12:57:03,"3075 CLARENDON ST,FLINT,48504",0,50,true
2016-01-22 12:57:04,"209 E. TAYLOR ST,FLINT,48504",0,90,true
2016-01-22 12:57:06,"820 GARLAND,FLINT,48503",0,80,true
2016-01-22 12:57:06,"1412 PROSPECT RD,FLINT,48503",0,0,true
2016-01-22 12:57:12,"2213 BARBARA DR,FLINT,48504",0,0,true
2016-01-22 12:57:16,"2945 MALLERY STREET,FLINT,48504",0,120,true
2016-01-22 12:57:17,"3119 COMANCHE AVE,FLINT,48507",0,80,true
2016-01-22 12:57:18,"606 HARRIET ST APT 1,FLINT,48505",0,0,true
2016-01-22 12:57:19,"1858 LAUREL OAK DR,FLINT,48507",0,50,true
2016-01-22 12:57:23,"704 SUN CREST DR APT#4,FLINT,48504",0,0,true
2016-01-22 12:57:24,"3709 ARLENE,FLINT,48532",0,0,true
2016-01-22 12:57:25,"728 WILBERFORCE DR,FLINT,48503",0,190,true
2016-01-22 12:57:26,"405 WEST PARKWAY AVE,FLINT,48505",0,0,true
2016-01-22 13:11:55,"418 WEST PULASKI,FLINT,48505",0,0,true
2016-01-22 13:11:56,"5710 GRIGGS DRIVE,FLINT,48505",0,0,true
2016-01-22 13:11:57,"1902 SANTA BARBARD,FLINT,48504",0,0,true
2016-01-22 13:12:00,"5302 KERMIT ST,FLINT,48505",0,0,true
2016-01-22 13:12:01,"5502 GRANVILLE AVE,FLINT,48505",0,0,true
2016-01-22 13:12:02,"3107 PENCOMBE PLACE,FLINT,48504",0,0,true
2016-01-22 13:12:03,"3101 DUPONT ST,FLINT,48504",0,150,true
2016-01-22 13:12:06,"4601 NORTH STREET,FLINT,48505",0,0,true
2016-01-22 13:12:08,"4606 NORTH STREET,FLINT,48505",0,0,true
2016-01-22 13:12:09,"5209 SASAN ST,FLINT,48505",0,0,true
2016-01-22 13:12:10,"3119 PROSPECT ST,FLINT,48504",0,0,true
2016-01-22 13:12:12,"208 SUNCREST DR. APT 208,FLINT,48504",0,60,true
2016-01-22 13:12:13,"3710 N. AVERILL AVE,FLINT,48506",0,0,true
2016-01-22 13:12:14,"3800 RICHFIELD RD APT 115,FLINT,48506",0,0,true
2016-01-22 13:12:16,"3510 CHEROKEE AVE,FLINT,48507",0,0,true
2016-01-22 13:12:18,"1129 KENSINGTON AVE,FLINT,48503",0,0,true
2016-01-22 13:12:19,"3909 CHEYENNE AVE,FLINT,48507",0,0,true
2016-01-22 13:12:20,"3118 BEECHER RD APT B,FLINT,48503",0,0,true
2016-01-22 13:12:21,"805 LOCHHEAD AVE,FLINT,48507",0,0,true
2016-01-22 13:12:24,"4201 OGEMA AVE,FLINT,48507",0,0,true
2016-01-22 13:12:26,"1417 WALDMAN AVE,FLINT,48507",0,0,true
2016-01-22 13:12:27,"1017 SIMCOE AVE,FLINT,48507",0,0,true
2016-01-22 13:12:28,"1602 BELLCREEK DRIVE,FLINT,48505",0,0,true
2016-01-22 13:12:30,"5493 MAPLE PARK DR,FLINT,48507",0,0,true
2016-01-22 13:12:31,"755 VERMILYA AVE,FLINT,48507",0,0,true
2016-01-22 13:12:32,"1520 W. HOME AVE,FLINT,48505",0,50,true
2016-01-22 13:12:34,"613 RIDGEWAY,FLINT,48505",0,0,true
2016-01-23 11:56:35,"1216 LAVENDER AVE,FLINT,48504",0,0,true
2016-01-23 11:56:36,"1546 MASON ST,FLINT,48503",0,190,true
2016-01-23 11:56:38,"1540 GARLAND,FLINT,48503",0,0,true
2016-01-23 11:56:39,"3713 WONONA ST,FLINT,48504",0,0,true
2016-01-23 11:56:40,"1243 NIAGARA,FLINT,48503",0,0,true
2016-01-23 11:56:41,"321 E GRACELAWN AVE,FLINT,48505",0,0,true
2016-01-23 11:56:46,"3814 TWILIGHT DRIVE,FLINT,48506",0,0,true
2016-01-23 11:56:47,"2402 PLAINFIELD,FLINT,48506",0,0,true
2016-01-23 11:56:51,"2720 WINONA ST,FLINT,48504",0,110,true
2016-01-23 11:56:52,"4468 BRENDENSHIRE CT,FLINT,48532",0,0,true
2016-01-23 11:56:53,"649 E ELDRIDGE AVE,FLINT,48505",0,0,true
2016-01-23 11:56:55,"2310 FLUSHING RD,FLINT,48504",0,0,true
2016-01-23 11:56:57,"2001 TEBO ST,FLINT,48503",0,0,true
2016-01-23 11:56:58,"1159 E HOME AVE,FLINT,48505",0,0,true
2016-01-23 11:56:59,"130 W. DAYTON ST.,FLINT,48505",0,260,true
2016-01-23 11:57:01,"1314 NIAGARA ST,FLINT,48503",0,70,true
2016-01-23 11:57:02,"2322 GIBSON ST APT#2,FLINT,48503",0,0,true
2016-01-23 11:57:04,"2905 ALPHA WAY,FLINT,48506",0,0,true
2016-01-23 11:57:05,"2105 TORRANCE,FLINT,48506",0,0,true
2016-01-23 11:57:07,"2602 CLIO RD,FLINT,48504",0,50,true
2016-01-23 11:57:08,"3382 PASADENA,FLINT,48504",0,0,true
2016-01-23 11:57:09,"317 W. PIERSON RD,FLINT,48505",0,110,true
2016-01-23 11:57:10,"5112 WINSFORD BYWAY,FLINT,48506",0,0,true
2016-01-23 11:57:13,"3206 MCCLURE,FLINT,48507",0,0,true
2016-01-23 11:57:16,"535 RED BEECH DR,FLINT,48506",0,0,true
2016-01-23 11:57:17,"1515 W HOME AVE,FLINT,48505",0,0,true
2016-01-23 11:57:18,"3617 PROVIDENCE ST,FLINT,48503",0,0,true
2016-01-23 11:57:20,"426 DAMON ST,FLINT,48505",0,0,true
2016-01-23 11:57:21,"229 E SHERMAN AVE,FLINT,48505",0,0,true
2016-01-23 11:57:22,"2709 BRANDON ST,FLINT,48503",0,0,true
2016-01-23 11:57:27,"2101 E SECOND ST,FLINT,48503",0,0,true
2016-01-23 11:57:29,"937 E. 7TH ST,FLINT,48503",0,0,true
2016-01-23 11:57:30,"3711 FOXCROFT CIRCLE,FLINT,48503",0,0,true
2016-01-23 11:57:32,"720 WILBERFORCE DRIVE,FLINT,48503",0,70,true
2016-01-23 11:57:33,"3411 HAWTHORNE DR,FLINT,48503",0,240,true
2016-01-23 11:57:34,"621 W COURT ST,FLINT,48503",0,0,true
2016-01-23 11:57:37,"926 BLANCHARD AVE,FLINT,48503",0,0,true
2016-01-23 11:57:38,"1725 PENNSYLVANIA AVE,FLINT,48506",0,0,true
2016-01-23 11:57:39,"5011 WESTERN RD,FLINT,48506",0,0,true
2016-01-23 11:57:42,"2906 ARIZONA,FLINT,48506",0,0,true
2016-01-23 11:57:44,"5722 EDWARDS AVE,FLINT,48505",0,0,true
2016-01-23 11:57:45,"2208 NORTH VERNON,FLINT,48506",0,0,true
2016-01-23 11:57:46,"2910 ARIZONA AVE,FLINT,48506",0,0,true
2016-01-23 11:57:48,"3727 BENNETT AVE,FLINT,48506",0,0,true
2016-01-23 11:57:49,"3751 DAKOTA AVE,FLINT,48506",0,0,true
2016-01-23 11:57:51,"3514 DAKOTA AVE,FLINT,48506",0,0,true
2016-01-23 11:57:52,"258 E HEBSON AVE,FLINT,48505",0,0,true
2016-01-23 11:57:53,"1414 LAKE FOREST DR,FLINT,48504",0,0,true
2016-01-23 11:57:54,"3742 DELAWARE AVEA,FLINT,48506",0,0,true
2016-01-23 11:57:55,"620 W LYNDON AVE,FLINT,48505",0,70,true
2016-01-23 11:57:57,"821 W DARMATH,FLINT,48504",0,0,true
2016-01-23 11:57:58,"422 W BUNDY,FLINT,48505",0,0,true
2016-01-23 11:58:00,"228 W JAMIESON ST,FLINT,48505",0,0,true
2016-01-23 11:58:01,"119 E DARTMOUTH,FLINT,48504",0,0,true
2016-01-23 11:58:02,"4311 FLEMING RD,FLINT,48504",0,0,true
2016-01-23 11:58:03,"614 WEST LORADO AVENUE,FLINT,48505",0,0,true
2016-01-23 11:58:04,"5705 SUBURBAN CT,FLINT,48505",0,0,true
2016-01-23 11:58:05,"414 E LORADO AVE,FLINT,48505",0,0,true
2016-01-23 11:58:08,"3817 KELLAR AVE,FLINT,48504",0,100,true
2016-01-23 11:58:09,"1805 CHERRYLAWN DR,FLINT,48504",0,0,true
2016-01-23 11:58:10,"309 MOTT AVE,FLINT,48504",0,0,true
2016-01-23 11:58:12,"3701 N TERM ST,FLINT,48506",0,290,true
2016-01-23 11:58:13,"3237 MC CLURE AVE,FLINT,",0,60,true
2016-01-23 11:59:11,"2705 YALE ST,FLINT,",0,0,true
2016-01-23 11:59:15,"3926 LARCHMONT ST,FLINT,48532",0,50,true
2016-01-23 11:59:16,"3210 BEECHER RD,FLINT,48503",0,0,true
2016-01-23 11:59:18,"931 KNAPP AVE,FLINT,48503",0,0,true
2016-01-23 11:59:25,"3120 RASROCK,FLINT,48504",0,80,true
2016-01-23 11:59:28,"3090 ALCOTT AVE,FLINT,48506",0,110,true
2016-01-23 11:59:29,"3900 HAMMERBERG RD A-319,FLINT,48507",0,90,true
2016-01-23 11:59:30,"3606 CORUNNA RD,FLINT,48532",0,0,true
2016-01-23 11:59:31,"2309 WINIFRED DR,FLINT,48506",0,0,true
2016-01-23 11:59:32,"4163 RICHFIELD RD,FLINT,48506",0,0,true
2016-01-23 11:59:34,"3708 DAKOTA AVE,FLINT,48506",0,130,true
2016-01-23 11:59:35,"1224 CAMPBELL ST,FLINT,48507",0,0,true
2016-01-23 11:59:37,"4242 HILLARY CREEK,BURTON,48519",0,0,true
2016-01-23 11:59:38,"G4203 VAN SLYKE RD,FLINT,48507",0,0,true
2016-01-23 11:59:39,"6707 N WEBSTER RD,FLINT,48505",0,120,true
2016-01-23 11:59:42,"3017 FENTON RD,FLINT,48507",0,0,true
2016-01-23 11:59:43,"4409 GREENLAWN DR,FLINT,48504",0,0,true
2016-01-23 11:59:44,"1411 BRADLEY AVE,FLINT,48503",0,0,true
2016-01-23 11:59:45,"3709 TWILIGHT DR,FLINT,48506",0,0,true
2016-01-23 11:59:49,"3522 WHITTIER,FLINT,48506",0,0,true
2016-01-23 11:59:50,"3009 ARIZONA AVE,FLINT,48506",0,0,true
2016-01-23 11:59:52,"1215 MARTAIN L KING AVE,FLINT,48503",0,70,true
2016-01-23 11:59:53,"3821 CRAIG DR,FLINT,48506",0,0,true
2016-01-23 11:59:54,"3277 SPRING VALLEY DRIVE,FLINT,48504",0,0,true
2016-01-23 11:59:55,"3277 SPRING VALLEY,FLINT,48504",0,0,true
2016-01-23 11:59:58,"5914 LESLIE DR,FLINT,48504",0,0,true
2016-01-23 12:00:06,"3913 CHEYENNE AVE,FLINT,48507",0,400,true
2016-01-23 12:00:07,"1802 BARTH ST,FLINT,48504",0,0,true
2016-01-23 12:00:10,"6101 EAGLE RIDGE LANE,FLINT,48506",0,460,true
2016-01-23 12:00:12,"616 INGLESIDE AVE,FLINT,48507",0,0,true
2016-01-23 12:00:13,"3613 BRIARWOOD DRIVE,FLINT,48507",0,70,true
2016-01-23 12:00:14,"834 ALVORD AVE,FLINT,48507",0,0,true
2016-01-23 12:00:18,"1314 PINEHURST AVENUE,FLINT,48507",0,0,true
2016-01-23 12:00:19,"1816 TEBO ST,FLINT,48503",0,0,true
2016-01-23 12:00:20,"1010 MC KEIGHAN,FLINT,48507",0,0,true
2016-01-23 12:00:22,"1133 FAIRFAX ST,FLINT,48505",0,0,true
2016-01-23 12:00:23,"609 S LYNCH,FLINT,48503",0,130,true
2016-01-23 12:00:24,"3127 MARYLAND AVE,FLINT,48506",0,0,true
2016-01-23 12:00:25,"4057 SAM SNEAD DR,FLINT,48506",0,0,true
2016-01-23 12:00:28,"313 BUCKINGHAM AVE,FLINT,48507",0,220,true
2016-01-23 12:00:30,"3901 COGGINS,FLINT,48506",0,0,true
2016-01-23 12:00:31,"3721 BEECHWOOD AVE,FLINT,48506",0,0,true
2016-01-23 12:00:32,"507 W ATHERTON RD,FLINT,48507",0,0,true
2016-01-23 12:00:38,"2905 THOM ST,FLINT,48506",0,0,true
2016-01-23 12:00:40,"1549 E ATHERTON RD LOT 154,FLINT,48507",0,0,true
2016-01-23 12:00:41,"4630 MILTON DRIVE,FLINT,48507",0,0,true
2016-01-23 12:00:44,"1018 SOUTHLAWN AVE,FLINT,48507",0,0,true
2016-01-23 12:00:47,"3010 CHEROKEE AVE,FLINT,48507",0,0,true
2016-01-23 12:00:51,"755 VERMILYA AVE,FLINT,48507",0,0,true
2016-01-23 12:01:53,"1876 SPRINGFIELD ST,FLINT,48503",0,0,true
2016-01-23 12:01:54,"4305 PENGELLY RD,FLINT,48507",0,0,true
2016-01-23 12:01:55,"2828 BERKLEY ST,FLINT,48504",0,80,true
2016-01-23 12:01:56,"2722 TERRACE DRIVE,FLINT,48507",0,420,true
2016-01-23 12:01:59,"710 LOCKHEAD AVE,FLINT,48507",0,100,true
2016-01-23 12:02:03,"4221 CUTHBERTSON ST,FLINT,48507",0,0,true
2016-01-23 12:02:04,"3418 COMANCHE AVE,FLINT,48507",0,0,true
2016-01-23 12:02:06,"918 DELL AVE,FLINT,48507",0,0,true
2016-01-23 12:02:08,"4017 GREENBROOK LN,FLINT,",0,0,true
2016-01-23 12:02:10,"1517 BERRYWOOD LANE,FLINT,48507",0,0,true
2016-01-23 12:02:12,"2837 COMANCHE AVENUE,FLINT,48507",0,80,true
2016-01-23 12:02:14,"2917 COMANCHE AVE,FLINT,48507",0,70,true
2016-01-23 12:02:15,"4500 S. SAGINAW ST,FLINT,48507",0,610,true
2016-01-23 12:02:19,"1916 OWEN ST,FLINT,48503",0,0,true
2016-01-23 12:02:20,"3711 FOXCROFT CIRCLE,FLINT,48503",0,50,true
2016-01-23 12:02:21,"3405 COMANCHE AVE,FLINT,48507",0,80,true
2016-01-23 12:02:23,"3053 KETTERING HTS APT 1,FLINT,48507",0,0,true
2016-01-23 12:02:26,"611 CLINTON ST,FLINT,48507",0,0,true
2016-01-23 12:02:27,"1723 CARMANBROOK,FLINT,48507",0,0,true
2016-01-23 12:02:28,"3215 MILLER RD,FLINT,48505",0,0,true
2016-01-23 12:02:31,"530 W FLINT PARK BLVD,FLINT,48505",0,120,true
2016-01-23 12:02:32,"619 SIMCOE AVE,FLINT,48507",0,0,true
2016-01-23 12:02:33,"3310 CHAMBERS,FLINT,48507",0,0,true
2016-01-23 12:02:35,"1021 HARMON ST,FLINT,48507",0,0,true
2016-01-23 12:02:36,"2701 LAKEWOOD DR,FLINT,48507",0,120,true
2016-01-23 12:02:40,"3001 DEARBORN,FLINT,48507",0,0,true
2016-01-23 12:02:45,"1322 CLEVELAND AVE,FLINT,48503",0,120,true
2016-01-23 12:02:51,"2713 YALE STREET,FLINT,48503",0,0,true
2016-01-23 12:02:52,"2709 RALE ST,FLINT,48503",0,0,true
2016-01-23 12:02:54,"2308 RADCLIFFE AVENUE,FLINT,48503",0,0,true
2016-01-23 12:02:55,"206 COMMONWEALTH AVE,FLINT,48503",0,60,true
2016-01-23 12:02:56,"4342 WEST MAPLE AVENUE,FLINT,48507",0,0,true
2016-01-23 12:02:57,"2610 BROWN ST,FLINT,48503",0,130,true
2016-01-23 12:02:59,"5605 SUSAN ST,FLINT,48505",0,0,true
2016-01-23 12:03:01,"1216 RIVER BIRCH DRIVE,FLINT,48532",0,130,true
2016-01-23 12:03:04,"779 E RUSSELL ST,FLINT,48505",0,0,true
2016-01-23 12:03:06,"2809 BRANDON ST.,FLINT,48503",0,0,true
2016-01-23 12:03:08,"622 MASON STREET,FLINT,48503",0,0,true
2016-01-23 12:03:09,"533 CHALMERS STREET,FLINT,48503",0,0,true
2016-01-23 12:03:10,"1925 LYNBROOK,FLINT,48507",0,0,true
2016-01-23 12:03:11,"3209 PROSPECT,FLINT,48504",0,100,true
2016-01-23 12:03:12,"3349 MAYWOOD,FLINT,48504",0,0,true
2016-01-23 12:03:14,"902 BROOK HOLLOW CT APT# 2H,FLINT,48503",0,0,true
2016-01-23 12:03:17,"902 BROOK HOLLOW CT APT# 2H,FLINT,4850