test_date,address_full,lead_ppb,copper_ppb
2016-02-08 13:06:08,"1501 WOODCROFT AVE,FLINT,48503",0,100
2016-02-08 13:05:54,"3218 CLAIRMONT ST,FLINT,48503",0,100
2016-02-07 12:26:04,"3735 DAKOTA AVE,FLINT,",0,100
2016-02-06 11:42:37,"3510 RUE FORET APT 7,FLINT,48532",0,100
2016-02-06 11:42:06,"1407 BROOKWOOD AVE,FLINT,",0,100
2016-02-05 13:10:04,"2010 NORTH DORT HWY,FLINT,48506",0,100
2016-02-05 13:03:11,"417 WEST JAMIESON ST,FLINT,48505",0,100
2016-02-04 13:46:30,"1839 WILLOWBROOK CR,FLINT,48507",0,100
2016-02-04 13:18:07,"325 ALLENDALE PL,FLINT,48503",0,100
2016-02-04 13:13:16,"2613 TROUT DR,FLINT,48507",0,100
2016-02-03 13:43:28,"1901 WINDSOR LANE,FLINT,48507",0,100
2016-02-03 13:42:44,"509 PROSPECT ST,FLINT,48503",0,100
2016-02-03 13:38:06,"809 E BALTIMORE BLVD,FLINT,48505",0,100
2016-02-02 13:27:04,"931 SUNDAY ST,FLINT,48532",0,100
2016-02-02 13:25:07,"3216 STEVENSON ST,FLINT,48504",0,100
2016-02-02 13:24:45,"1957 LAUREL OAK DR,FLINT,48507",0,100
2016-02-02 13:24:25,"6810 FLEMING RD,FLINT,48504",0,100
2016-02-02 13:24:01,"1417 RASPBERRY LN,FLINT,48507",0,100
2016-02-02 13:23:50,"1837 ROCKCREEK LN,FLINT,48507",0,100
2016-02-02 13:22:12,"3610 HOLLY AVE,FLINT,48506",0,100
2016-02-01 14:32:31,"1609 WABASH AVE,FLINT,48504",0,100
2016-02-01 13:28:39,"3902 W KEARSLEY ST,FLINT,48532",0,100
2016-02-01 13:28:38,"4228 PARK FOREST DR,FLINT,48507",0,100
2016-02-01 13:28:29,"2801 N CHEVROLET AVE,FLINT,48504",0,100
2016-01-31 13:16:17,"3096 AYRE CT,FLINT,48506",0,100
2016-01-31 13:06:22,"700 E COURT ST APT 203,FLINT,48503",0,100
2016-01-30 12:30:07,"1818 ROCKCREEK LANE,FLINT,48507",0,100
2016-01-29 13:02:53,"702 FATHER DUCKETTE #206,FLINT,48503",0,100
2016-01-29 13:02:30,"G-3218 N AVERILL AVE,FLINT,48506",0,100
2016-01-29 13:01:55,"1920 COLCHESTER RD,FLINT,48503",0,100
2016-01-28 13:37:50,"814 E KEARSLEY ST #119,FLINT,48503",0,100
2016-01-28 13:37:43,"2933 ALPHA WAY,FLINT,48506",0,100
2016-01-28 13:06:32,"1857 HASLER,FLINT,48503",0,100
2016-01-28 13:05:53,"1422 ELDORADO DR,FLINT,48504",0,100
2016-01-28 13:03:57,"2039 HAMPDEN RD,FLINT,48503",0,100
2016-01-28 13:03:00,"1601 CROMWELL,FLINT,",0,100
2016-01-27 14:11:23,"716 WALDMAN,FLINT,48507",0,100
2016-01-27 14:10:44,"3900 HAMMERBERG RD #218,FLINT,48507",0,100
2016-01-27 13:15:00,"2501 FLUSHING RD,FLINT,48504",0,100
2016-01-27 13:14:15,"1101 WOODSIDE,FLINT,48503",0,100
2016-01-27 13:06:52,"3900 HAMMERBERG RD OFC 319,FLINT,48507",0,100
2016-01-27 13:06:16,"2215 MONTCLAIR AVE,FLINT,48503",0,100
2016-01-27 13:05:15,"1210 DUPONT,FLINT,48504",0,100
2016-01-27 13:02:50,"1809 WINDSOR LANE,FLINT,48507",0,100
2016-01-27 13:02:29,"4026 WEST KEARSLEY ST,FLINT,48532",0,100
2016-01-26 12:28:00,"1406 W MUTT AVE,FLINT,48505",0,100
2016-01-26 12:27:39,"246 E TOSS AVE,FLINT,48505",0,100
2016-01-26 12:23:33,"4414 HUCKLEBERRY LN,FLINT,48507",0,100
2016-01-26 12:21:36,"3750 WORCHESTER DRIVE,FLINT,48503",0,100
2016-01-26 12:19:04,"1207 W GENESEE AVE,FLINT,48507-1352",0,100
2016-01-26 12:18:09,"2207 HILLS ST,FLINT,48503",0,100
2016-01-25 13:50:11,"1839 WHITTLESEY ST,FLINT,48503",0,100
2016-01-25 13:49:48,"2015 COLCHESTER RD,FLINT,48503",0,100
2016-01-25 13:49:24,"7103 SHORE LANE,FLINT,48504",0,100
2016-01-25 13:08:00,"2011 CRESTBROOK LANE,FLINT,48507",0,100
2016-01-25 13:05:06,"2037 HILLS ST,FLINT,48503",0,100
2016-01-24 12:12:43,"1715 CRESCENT DRIVE,FLINT,48503",0,100
2016-01-24 12:09:11,"1125 S FRANKLIN AVE,FLINT,48503",0,100
2016-01-24 12:09:04,"809 MCKEIGHAN AVE,FLINT,48507",0,100
2016-01-24 12:08:46,"1220 AVON PARK DR APT 7,FLINT,48503",0,100
2016-01-23 12:03:11,"3209 PROSPECT,FLINT,48504",0,100
2016-01-23 12:01:59,"710 LOCKHEAD AVE,FLINT,48507",0,100
2016-01-23 11:58:08,"3817 KELLAR AVE,FLINT,48504",0,100
2016-01-22 12:37:37,"1939 WOODSLEA DR #2,FLINT,48507",0,100
2016-01-22 12:36:11,"3305 BEGOLE ST,FLINT,48504",0,100
2016-01-22 12:35:59,"3925 HOGARTH,FLINT,48532",0,100
2016-01-22 12:35:21,"225 E 5TH STREET SUITE 200,FLINT,48502",0,100
2016-01-22 12:34:30,"2725 BRANDON AVE,FLINT,48503",0,100
2016-01-21 16:21:57,"1821 ROCKCREEK LANE,FLINT,48507",0,100
2016-01-21 16:21:51,"1932 HOWARD AVE,FLINT,48503",0,100
2016-01-21 16:21:32,"3113 CHEYENNE AVE,FLINT,48507",0,100
2016-01-21 15:48:00,"3914 SENECA ST,FLINT,48504",0,100
2016-01-21 15:30:00,"1933 BARKS ST,FLINT,",0,100
2016-01-21 13:43:16,"1602 N BALLENGER HWY,FLINT,48504",0,100
2016-01-21 13:40:43,"5126 WOODHAVEN DR,FLINT,48504",0,100
2016-01-21 13:40:22,"3764 WORCHESTER,FLINT,48503",0,100
2016-01-21 13:40:20,"308 BURROUGHS AVE,FLINT,48507",0,100
2016-01-21 13:39:35,"3701 SHERRY DR,FLINT,48506",0,100
2016-01-21 13:37:49,"705 COLUMBIA DR,FLINT,48503",0,100
2016-01-21 13:36:07,"1046 E LORADO AVE,FLINT,48505",0,100
2016-01-20 12:59:14,"3506 MACKIN RD,FLINT,48504",0,100
2016-01-15 11:03:00,"3741 NORWOOD DR,FLINT,48503",0,100
2016-01-14 09:34:37,"2608 WALTER ST,FLINT,48504",0,100
2015-12-18 15:07:54,"3921 BRANCH RD,FLINT,48506",0,100
2015-12-02 14:41:51,"1920 COLCHESTER RD,FLINT,48503",0,100
2015-12-02 14:41:40,"2833 COMANCHE AVE,FLINT,",0,100
2015-11-18 14:32:50,"1043 PINEHURST AVE,FLINT,48507",0,100
2015-11-09 15:02:30,"718 COLUMBIA LN,FLINT,48503",0,100
2015-11-09 15:02:17,"1715 CRESCENT DR,FLINT,48503",0,100
2016-02-16 08:57:32,"2626 CLEMENT,FLINT,",0,90
2016-02-15 12:49:37,"2101 STEDRON ST APT #109,FLINT,48504",0,90
2016-02-15 12:49:32,"2101 STEDRON ST APT #239,FLINT,48504",0,90
2016-02-15 12:49:19,"2101 STEDRON ST APT #246,FLINT,48504",0,90
2016-02-15 12:49:06,"2101 STEDRON ST APT #345,FLINT,48504",0,90
2016-02-15 12:49:02,"2101 STEDRON ST APT #231,FLINT,48504",0,90
2016-02-15 12:21:59,"2101 STEDRON ST APT #328,FLINT,48504",0,90
2016-02-15 12:21:17,"2101 STEDRON ST APT #301,FLINT,48504",0,90
2016-02-14 12:01:59,"3422 BRENT,FLINT,48506",0,90
2016-02-13 12:25:30,"1913 LAUREL OAK DEBIT,FLINT,48507",0,90
2016-02-13 12:25:21,"1621 RASPBERRY LN,FLINT,48507",0,90
2016-02-12 13:20:04,"1129 CHIPPEWA,FLINT,48503",0,90
2016-02-12 13:13:25,"902 E COURT ST #808,FLINT,48503",0,90
2016-02-12 13:05:30,"1602 W BALLENGER HWY,FLINT,48504",0,90
2016-02-12 13:04:26,"902 E COURT ST #412,FLINT,48503",0,90
2016-02-11 13:20:08,"3460 HAMMERBERG,FLINT TWP,48507",0,90
2016-02-11 13:18:52,"G 3139HOGARTH AVE,FLINT,48532",0,90
2016-02-10 14:29:37,"1214 ELDORADO DRIVE,FLINT,48504",0,90
2016-02-10 14:29:09,"1805 GREENBRIAR LN,FLINT,48507",0,90
2016-02-09 14:09:13,"2110 FOREST HILL,FLINT,48504",0,90
2016-02-09 13:43:22,"3200 DEVONSHIRE ST,FLINT,48504",0,90
2016-02-08 13:29:02,"814 E KEARSLEY ST APT 115,FLINT,48503",0,90
2016-02-08 13:06:27,"1009 S. FRANKLIN AVENUE,FLINT,48503",0,90
2016-02-07 12:25:40,"3286 CHEYENNE AVE,BURTON,48529",0,90
2016-02-07 11:45:43,"5709 SALLY CT,FLINT,48505",0,90
2016-02-07 11:45:01,"4233 PENGELLY RD,FLINT,48507",0,90
2016-02-06 12:08:55,"3501 AUGUSTA ST,FLINT,48503",0,90
2016-02-06 11:42:09,"3111 DUPONT ST,FLINT,",0,90
2016-02-06 11:39:23,"4907 THETA PASSAGE,FLINT,48506",0,90
2016-02-05 13:03:22,"3601 SUNSET DRIVE,FLINT,48503",0,90
2016-02-04 13:16:17,"807 FISK DRIVE,FLINT,48503",0,90
2016-02-04 13:13:07,"3102 BARTH ST,FLINT,48504",0,90
2016-02-04 13:12:40,"3143 N STEVENSON ST,FLINT,48504",0,90
2016-02-03 14:24:21,"3260 MARTHAROSE CT,FLINT,48504",0,90
2016-02-03 14:23:32,"3205 CHEYENNE AVE,FLINT,48507",0,90
2016-02-03 13:40:31,"1406 BENT DR,FLINT,48504",0,90
2016-02-03 13:34:10,"3001 COMANCHE AVE,FLINT,48507",0,90
2016-02-02 14:02:06,"236 W HAMILTON AVE,FLINT,48503",0,90
2016-02-02 13:31:14,"2924 WYOMING AVE,FLINT,48506",0,90
2016-02-02 13:30:34,"1317 RIVERDALE ST,FLINT,48503",0,90
2016-02-02 13:25:20,"320 COMMONWEALTH AVE,FLINT,48503",0,90
2016-02-02 13:22:43,"4808 CLOVERLAWN DR,FLINT,48504",0,90
2016-02-02 13:22:40,"1039 RIVER VALLEY,FLINT,48532",0,90
2016-02-02 13:21:50,"G-3391 S SAGINAW,BURTON,48529",0,90
2016-02-02 13:21:48,"1505 S FRANKLIN,FLINT,48503",0,90
2016-02-02 13:21:36,"1818 CARMANBROOK PARKWAY,FLINT,48507",0,90
2016-02-02 13:21:04,"1930 GREENBRIAR LN,FLINT,48507",0,90
2016-02-01 13:30:19,"411 LYNCH ST,FLINT,48503",0,90
2016-02-01 13:29:58,"702 FATHER DUKETTE APT 312,FLINT,48503",0,90
2016-02-01 13:27:25,"421 W WATER APT 102,FLINT,48503",0,90
2016-02-01 13:27:01,"1825 GREENBRIAR LANE,FLINT,48507",0,90
2016-01-30 12:59:27,"3081 SKANDER DR,FLINT,48504",0,90
2016-01-30 12:29:59,"1013 SOMERSET LN,FLINT,48503",0,90
2016-01-30 12:28:44,"609 E HOME AVE,FLINT,48505",0,90
2016-01-29 13:02:31,"930 REMINGTON AVE,FLINT,48507",0,90
2016-01-29 13:02:11,"625 WALDMAN AVE,FLINT,48507",0,90
2016-01-29 12:44:24,"1153 W JULIAH,FLINT,48505",0,90
2016-01-29 12:43:28,"110 E YORK AVE,FLINT,48505",0,90
2016-01-29 12:41:47,"966 PERRY ST,FLINT,48504",0,90
2016-01-29 12:41:29,"5605 CLOVERLAWN DR,FLINT,48504",0,90
2016-01-29 12:41:24,"2301 BROOKSIDE DR,FLINT,48503",0,90
2016-01-29 12:41:05,"1448 S DYE RD,FLINT,48532",0,90
2016-01-28 13:38:00,"438 E ATHERTON RD,FLINT,48507",0,90
2016-01-28 13:06:59,"5149 MERIT DR,FLINT,48506",0,90
2016-01-27 14:11:19,"4041 FRASER ST,FLINT,48532",0,90
2016-01-27 14:10:26,"3502 DONNELLY STREET,FLINT,48504",0,90
2016-01-27 13:57:48,"3900 HAMMERBERG RD #242,,",0,90
2016-01-27 13:15:02,"5406 DUPONT ST,FLINT,48505",0,90
2016-01-27 13:10:29,"3900 HAMMERBERG RD #118,FLINT,48505",0,90
2016-01-27 13:10:04,"1209 EL DORADO DR,FLINT,48504",0,90
2016-01-27 13:09:06,"3826 CLAIRMONT ST,FLINT,48532",0,90
2016-01-27 13:07:33,"3429 RANGELEY ST,FLINT,48503",0,90
2016-01-27 13:07:32,"3900 HAMMERBERG RD OFC 124,FLINT,48507",0,90
2016-01-27 13:06:49,"3900 HAMMERBERG RD OFC 323,FLINT,48507",0,90
2016-01-27 13:06:40,"3900 HAMMERBERG RD OFC,FLINT,48507",0,90
2016-01-27 13:06:11,"1012 FREMON ST,FLINT,48504",0,90
2016-01-27 13:01:42,"3206 MENOMINEE AVE,FLINT,48507",0,90
2016-01-26 13:57:32,"1801 BAYBERRY LN,FLINT,48507",0,90
2016-01-26 13:46:14,"3614 HUGGINS AVE,FLINT,48506",0,90
2016-01-26 12:24:34,"1314 LINCOLN AVE,FLINT,48507",0,90
2016-01-26 12:24:30,"3316 MENOMINEE ST,BURTON,48529",0,90
2016-01-26 12:22:26,"2250 NOLEN DR,FLINT,48504",0,90
2016-01-26 12:22:24,"419 EDGEMONT AVE,FLINT,",0,90
2016-01-26 12:22:14,"3713 BRIARWOOD DR,FLINT,48507",0,90
2016-01-26 12:21:26,"3116 BROWNELL BLVD,FLINT,48504",0,90
2016-01-26 12:19:20,"1819 CHELSEA CIRCLE,FLINT,48503",0,90
2016-01-26 12:18:59,"2553 TYRONE ST,,48504",0,90
2016-01-25 13:49:53,"2201 PINE CT,FLINT,48504",0,90
2016-01-25 13:49:28,"5309 EDWARDS AVE,FLINT,",0,90
2016-01-25 13:49:00,"1412 S BALLENGER HWY,FLINT,48532",0,90
2016-01-25 13:05:37,"917 MILLBROOK DR APT B,FLINT,48503",0,90
2016-01-25 13:03:14,"3713 RISEDORPH AVE,FLINT,48506",0,90
2016-01-25 13:01:57,"3100 LAKEWOOD DR,FLINT,48507",0,90
2016-01-25 12:59:33,"3118 CHEROKEE AVE,FLINT,48507",0,90
2016-01-25 12:59:26,"2305 CRESTBROOK LN,FLINT,48507",0,90
2016-01-25 12:59:18,"515 ALVORD AVE,FLINT,48507",0,90
2016-01-25 12:59:11,"1406 BLUEBERRY LN,FLINT,48507",0,90
2016-01-25 12:58:32,"549 BUCKINGHAM AVE,FLINT,48507",0,90
2016-01-24 12:13:55,"5282 CEDAR SHORE #102,FLINT,48504",0,90
2016-01-24 12:09:39,"2013 BARKS,FLINT,48503",0,90
2016-01-24 12:09:37,"1122 BURLINGTON DR,FLINT,48503",0,90
2016-01-24 12:08:57,"3112 DEARBORN AVE,FLINT,48507",0,90
2016-01-23 11:59:29,"3900 HAMMERBERG RD A-319,FLINT,48507",0,90
2016-01-22 12:57:04,"209 E. TAYLOR ST,FLINT,48504",0,90
2016-01-22 12:56:33,"2009 ADAMS AVE,FLINT,48505",0,90
2016-01-22 12:56:01,"3608 SUNRIDGE DR,FLINT,48506",0,90
2016-01-22 12:35:09,"3144 DELAWARE,FLINT,48506",0,90
2016-01-21 16:20:29,"3719 LORRAINE AVE,FLINT,",0,90
2016-01-21 16:13:58,"3119 RASKOB ST,FLINT,",0,90
2016-01-21 16:13:05,"413 GARLAND ST #2,FLINT,48503",0,90
2016-01-21 16:00:56,"2618 NORBERT ST,FLINT,48504",0,90
2016-01-21 15:48:00,"910 FROST ST,FLINT,48504",0,90
2016-01-21 15:34:00,"3525 CHAMBERS ST,FLINT,48507",0,90
2016-01-21 15:33:00,"1939 PENBROOK LN,FLINT,48507",0,90
2016-01-21 15:33:00,"2956 STEVENSON,FLINT,48505",0,90
2016-01-21 15:31:00,"5001 ALPHA WAY,FLINT,48506",0,90
2016-01-21 13:43:29,"944 MARKHAM ST,FLINT,48507",0,90
2016-01-21 13:36:29,"634 W BISHOP AV,FLINT,48505",0,90
2016-01-21 13:36:19,"3002 MENOMINEE AVE,FLINT,48507",0,90
2016-01-21 13:34:33,"4028 PARK FOREST DR,FLINT,48507",0,90
2016-01-21 13:34:05,"1802 HAMDEN RD,FLINT,48503",0,90
2016-01-20 13:23:11,"1820 WINDSOR LN,FLINT,48507",0,90
2016-01-20 13:07:25,"3729 BEECHER ROAD,FLINT,48503",0,90
2016-01-19 16:27:45,"3602 N TERM ST,FLINT,48506",0,90
2016-01-19 16:18:56,"924 LAFAYETTE ST,FLINT,48503",0,90
2016-01-19 16:18:12,"2222 N FRANKLIN,,",0,90
2016-01-15 11:03:05,"2211 WINDEMERE AVE,FLINT,48503",0,90
2016-01-07 15:17:41,"1201 N GRAND TRAVERSE,FLINT,",0,90
2016-01-07 15:17:21,"4013 BLACKINGTON AVE,FLINT,",0,90
2015-12-18 15:07:56,"505 EAST ST,FLINT,48503",0,90
2015-12-18 15:07:43,"1302 BARNEY AVE,FLINT,48503",0,90
2015-12-10 15:08:59,"665 E HEMPHILL RD,FLINT,48507",0,90
2015-12-10 15:08:52,"3602 MILBOURNE AVE,FLINT,48504",0,90
2015-12-02 14:42:25,"346 ALLENDALE PLACE,FLINT,48503",0,90
2015-11-24 15:04:11,"700 E COURT ST #303,FLINT,48503",0,90
2015-11-24 15:04:03,"429 CHAVEZ DR (NORTH BOUND),FLINT,48503",0,90
2015-11-09 15:02:15,"1419 MULBERRY LN,FLINT,48507",0,90
2015-10-13 14:29:45,"4123 COGGINS AVE,FLINT,48506",0,90
2016-02-15 12:49:26,"2101 STEDRON ST APT #110,FLINT,48504",0,80
2016-02-15 12:49:21,"2101 STEDRON ST APT #229,FLINT,48504",0,80
2016-02-15 12:21:42,"2101 STEDRON ST APT #254,FLINT,48504",0,80
2016-02-15 12:20:56,"2101 STEDRON ST APT #218,FLINT,48504",0,80
2016-02-15 12:20:46,"2101 STEDRON ST APT #339,FLINT,48504",0,80
2016-02-15 12:20:33,"2101 STEDRON STREET APT 205,FLINT,48504",0,80
2016-02-15 12:18:09,"3618 COMANCHE AVE,FLINT,",0,80
2016-02-14 12:02:42,"4105 DONNELLY,FLINT,48504",0,80
2016-02-14 12:02:03,"3404 LYNNE AVENUE,FLINT,48506",0,80
2016-02-14 12:01:48,"4105 DONNELLY,FLINT,48504",0,80
2016-02-13 12:29:08,"4320 WARRINGTON DRIVE,FLINT,48504",0,80
2016-02-13 12:24:45,"3248 W GRACELAWN AVE,FLINT,48504",0,80
2016-02-12 13:45:43,"3800 RICHFIELD ROAD 311,FLINT,48506",0,80
2016-02-12 13:45:30,"3800 RICHFIELD ROAD 420,FLINT,48506",0,80
2016-02-12 13:20:19,"5908 LESLIE DR,FLINT,",0,80
2016-02-12 13:15:26,"902 E COURT ST #504,FLINT,48503",0,80
2016-02-12 13:11:10,"2001 N CENTER #117,FLINT,48506",0,80
2016-02-12 13:10:23,"1829 ROCKCREEK LANE,FLINT,48507",0,80
2016-02-12 13:10:10,"3800 RICHFIELD ROAD #511,FLINT,48506",0,80
2016-02-12 13:05:11,"820 GARLAND ST #48,FLINT,48503",0,80
2016-02-12 13:05:05,"1930 COLCHESTER,FLINT,48503",0,80
2016-02-12 08:21:42,"2729 GAMMA LANE,FLINT,48506",0,80
2016-02-10 14:28:35,"209 REDWOOD DRIVE,FLINT,48505",0,80
2016-02-09 14:11:00,"1509 CRESTBROOK LN,FLINT,48507",0,80
2016-02-09 13:41:02,"1941 FLUSHING RD,FLINT,",0,80
2016-02-09 13:38:51,"3741 IVANHOE AVE,FLINT,48506",0,80
2016-02-08 13:29:11,"1722 GREENBROOK LN,FLINT,48507",0,80
2016-02-08 13:09:33,"4013 GRANDVIEW DRIVE,FLUSHING,48433",0,80
2016-02-08 13:08:48,"1714 PARKFRONT DR,FLINT,48504",0,80
2016-02-08 13:08:37,"3110 CHEYENNE AVE,FLINT,48507",0,80
2016-02-08 13:07:41,"616 WEST UNIVERSITY AVENUE,FLINT,48503",0,80
2016-02-07 12:25:57,"1629 OHIO AVE,FLINT,48506",0,80
2016-02-06 11:42:48,"1001 KENSINGTON AVE,FLINT,48503",0,80
2016-02-05 13:10:26,"2210 R T LONGWAY,FLINT,48503",0,80
2016-02-05 13:09:08,"2715 N STEVENSON STREET,FLINT,48504",0,80
2016-02-05 13:07:16,"2705 GAMMA LN,FLINT,48506",0,80
2016-02-05 13:03:42,"741 COLUMBIA DR,FLINT,48503",0,80
2016-02-05 13:03:30,"4023 JACQUE ST,FLINT,48532",0,80
2016-02-05 13:03:00,"983 GAINEY AVE,FLINT,48503",0,80
2016-02-04 13:22:57,"1813 TUSCOLA ST,FLINT,48503",0,80
2016-02-04 13:19:06,"2937 ALPHA WAY,FLINT,48506",0,80
2016-02-04 13:18:09,"2102 ROBERT T LONGWAY BLVD,FLINT,48503",0,80
2016-02-04 13:14:40,"1616 DURAND,FLINT,48503",0,80
2016-02-03 13:43:19,"2025 MAYBURY AVE,FLINT,48503",0,80
2016-02-03 13:41:24,"2116 CALUMET ST,FLINT,48503",0,80
2016-02-03 13:41:07,"821 E PIERSON RD,FLINT,48505",0,80
2016-02-03 13:40:43,"335 EDGEMONT,FLINT,48503",0,80
2016-02-03 13:38:43,"529 MLK BLVD,FLINT,48502",0,80
2016-02-03 13:38:14,"3826 FRAZER ST,FLINT,48532",0,80
2016-02-03 13:38:11,"718 NEUBERT AVE,FLINT,48507",0,80
2016-02-03 13:38:10,"4010 GREENBROOK,FLINT,48507",0,80
2016-02-03 13:37:44,"1701 LYNBROOK DDR,FLINT,48507",0,80
2016-02-03 13:34:21,"3905 KELLAR AVE,FLINT,48504",0,80
2016-02-02 14:13:23,"4102 LE ERDA,FLINT,48504",0,80
2016-02-02 14:03:04,"1819 OXLEY DR,FLINT,48504",0,80
2016-02-02 14:01:54,"4499 RAINBOW LN,FLINT,48507",0,80
2016-02-02 13:31:16,"3087 LANNING DR,FLINT,48506",0,80
2016-02-02 13:30:49,"7009 CRANWOOD DR,FLINT,48505",0,80
2016-02-02 13:30:26,"3418 LAS PALMAS CT,FLINT,48504",0,80
2016-02-02 13:27:02,"1702 BAYBERRY LANE,FLINT,48507",0,80
2016-02-02 13:24:36,"1123 WHITINGHAM DR,FLINT,48503",0,80
2016-02-02 13:20:54,"809 EAST HEMPHILL RD,FLINT,48507",0,80
2016-02-02 13:19:48,"1202 E HOLBROOK AVE,FLINT,48505",0,80
2016-02-02 13:19:15,"3914 PROCTOR ST,FLINT,48504",0,80
2016-02-01 13:31:02,"2701 NORBERT ST,FLINT,48504",0,80
2016-02-01 13:24:59,"2622 TERRACE DR,FLINT,48507",0,80
2016-02-01 13:23:54,"3440 LAPEER RD,FLINT,48503",0,80
2016-01-31 13:05:10,"972 GAINEY,FLINT,48503",0,80
2016-01-30 12:59:31,"1443 W GENESEE AVE,FLINT,48505",0,80
2016-01-30 12:30:01,"726 INGLESIDE AVE,FLINT,48507",0,80
2016-01-30 12:29:05,"3202 BEECHWOOD AVE,FLINT,48506",0,80
2016-01-29 13:11:30,"2833 COMANCHE AVE,FLINT,48507",0,80
2016-01-29 13:11:29,"1931 CARMENBROOK PKWY,FLINT,48507",0,80
2016-01-29 13:11:26,"1105 BURLINGTON DRIVE,FLINT,48503",0,80
2016-01-29 13:03:23,"5306 BALSMAN LN (ROSEWOOD MANOR),FLINT,48505",0,80
2016-01-29 13:02:50,"3626 ARLENE AVE,FLINT,48532",0,80
2016-01-29 12:44:40,"330 BURROUGHS AVE,FLINT,48507",0,80
2016-01-29 12:43:50,"504 FROST ST,FLINT,48504",0,80
2016-01-29 12:41:56,"5605 BRANCH RD,FLINT,48506",0,80
2016-01-29 12:41:12,"3709 CLAIRMONT ST,FLINT,48532",0,80
2016-01-29 12:41:03,"2101 WINDEMERE AVE,FLINT,48503",0,80
2016-01-28 13:06:42,"418 E PARKING AVE,FLINT,48505",0,80
2016-01-28 13:06:18,"2602 NOLEN DRIVE,FLINT,48504",0,80
2016-01-28 13:06:07,"3129 GULF LN,FLINT,48507",0,80
2016-01-28 13:04:24,"3721 IVANHOE AVE,FLINT,48506",0,80
2016-01-28 13:04:08,"7101 SHORE LANE,FLINT,48504",0,80
2016-01-27 14:11:53,"813 E HEMPHILL,FLINT,48507",0,80
2016-01-27 14:11:03,"702 FATHER DUKETTE APT 1117,FLINT,48503",0,80
2016-01-27 13:58:19,"3900 HAMMERBERG RD #223,FLINT,48507",0,80
2016-01-27 13:57:58,"3900 HAMMERBERG RD #238,FLINT,48507",0,80
2016-01-27 13:57:57,"3900 HAMMERBERG RD #233,FLINT,48507",0,80
2016-01-27 13:57:43,"3900 HAMMERBERG RD #128,FLINT,48507",0,80
2016-01-27 13:56:54,"3102 YALE ST,FLINT,48503",0,80
2016-01-27 13:56:35,"720 STOCKTON ST,FLINT,",0,80
2016-01-27 13:10:44,"1706 LAUREL OAK DR,FLINT,48507",0,80
2016-01-27 13:08:54,"3900 HAMMERBERG RD OFC,FLINT,48507",0,80
2016-01-27 13:06:50,"3900 HAMMERBERG RD,FLINT,48507",0,80
2016-01-27 13:02:49,"2036 CHELAN ST,FLINT,48503",0,80
2016-01-27 13:00:50,"1805 WINDSOR LANE,FLINT,48507",0,80
2016-01-26 13:46:37,"3901 AUGUSTA ST,FLINT,",0,80
2016-01-26 13:45:51,"1822 TERRACE CT,FLINT,48507",0,80
2016-01-26 12:25:12,"2033 TUSCOLA ST,FLINT,48503",0,80
2016-01-26 12:25:05,"1525 MURBERRY LANE,FLINT,48507",0,80
2016-01-26 12:24:48,"618 EDMOUND ST,FLINT,48505",0,80
2016-01-26 12:24:33,"836 MARKHAM,FLINT,48507",0,80
2016-01-26 12:19:34,"1615 WOODSLEA DR,FLINT,48507",0,80
2016-01-25 12:58:59,"515 LETA AVE,FLINT,",0,80
2016-01-24 12:14:04,"3304 BUICK,FLINT,48505",0,80
2016-01-24 12:09:50,"511 E GENESEE ST,FLINT,48505",0,80
2016-01-24 12:09:44,"1943 ECKLEY AVE,FLINT,48503",0,80
2016-01-23 12:02:21,"3405 COMANCHE AVE,FLINT,48507",0,80
2016-01-23 12:02:12,"2837 COMANCHE AVENUE,FLINT,48507",0,80
2016-01-23 12:01:55,"2828 BERKLEY ST,FLINT,48504",0,80
2016-01-23 11:59:25,"3120 RASROCK,FLINT,48504",0,80
2016-01-22 12:57:17,"3119 COMANCHE AVE,FLINT,48507",0,80
2016-01-22 12:57:06,"820 GARLAND,FLINT,48503",0,80
2016-01-22 12:56:30,"2964 NATHAN AVE,FLINT,48506",0,80
2016-01-22 12:56:27,"3111 MARYHLAND AVE,FLINT,48506",0,80
2016-01-22 12:38:22,"2032 HILLS ST,FLINT,48503-2812",0,80
2016-01-22 12:36:10,"1717 OHIO AVE,FLINT,48506",0,80
2016-01-22 12:35:18,"716 AVON ST,FLINT,48503",0,80
2016-01-22 12:35:07,"3165 FINNEY CT,FLINT,48504",0,80
2016-01-22 12:34:32,"1423 BLACKBERRY LN,FLINT,48507",0,80
2016-01-21 16:32:46,"2901 HAMPSTEAD DR,FLINT,48506",0,80
2016-01-21 16:22:01,"3357 WINDWOOD DR,FLINT,48504",0,80
2016-01-21 16:21:18,"2924 WYOMING AVE,FLINT,48506",0,80
2016-01-21 16:13:37,"2307 CALUMET ST,FLINT,48503",0,80
2016-01-21 16:12:28,"316 WEST BUNDY AVE,FLINT,48505",0,80
2016-01-21 16:12:24,"4029 MILBOURNE AVE,FLINT,48504",0,80
2016-01-21 15:48:00,"710 AVON ST,FLINT,48503",0,80
2016-01-21 15:48:00,"3401 DEARBORN,FLINT,48507",0,80
2016-01-21 15:47:00,"4264 SUGAR MAPLE RUN,FLINT,48506",0,80
2016-01-21 15:47:00,"4036 MANN HALL AVE,FLINT,48532",0,80
2016-01-21 15:31:00,"2502 NEBRASKA AVE,FLINT,48506",0,80
2016-01-21 13:33:56,"1215 STOCKTON ST,FLINT,48503",0,80
2016-01-20 13:06:14,"725 COLUMBIA DR,FLINT,48503",0,80
2016-01-20 12:59:07,"3101 CHEROKEE AVE,FLINT,48507",0,80
2016-01-19 16:30:56,"3306 YALE ST,FLINT,48503",0,80
2016-01-19 16:19:18,"951 LEXINGTON AVE,FLINT,48507",0,80
2016-01-15 11:02:53,"3018 CHEROKEE,FLINT,48507",0,80
2016-01-15 11:02:16,"2528 WINONA ST,FLINT,48504",0,80
2016-01-07 15:17:57,"1201 N GRAND TRAVERSE,FLINT,",0,80
2015-11-18 14:32:47,"4236 KELLAR AVE,FLINT,48504",0,80
2015-11-04 12:37:46,"1680 N CHEVROLET AVE,FLINT,48504",0,80
2015-11-04 12:37:43,"3905 KELLAR AVE,FLINT,48504",0,80
2015-10-26 15:42:07,"3709 CLAIRMONT ST,FLINT,48532",0,80
2015-10-08 16:01:07,"2309 WISCONSIN AVE,FLINT,48506",0,80
2015-10-02 09:54:58,"1359 DONALDSON ST,FLINT,48504",0,80
2016-02-16 08:56:49,"1019 BARRINGTON DR,FLINT,48503",0,70
2016-02-16 08:56:29,"418 E PARKWAY AVE,FLINT,48505",0,70
2016-02-15 12:49:28,"2101 STEDRON ST APT 120,FLINT,48504",0,70
2016-02-15 12:49:15,"2101 STEDRON ST APT #248,FLINT,48504",0,70
2016-02-15 12:49:10,"2101 STEDRON ST APT #224,FLINT,48504",0,70
2016-02-15 12:20:47,"2101 STEDRON ST APT # 353,FLINT,48504",0,70
2016-02-15 12:20:42,"2101 STEDRON ST APT #211,FLINT,48504",0,70
2016-02-15 12:18:58,"618 WEST UNIVERSITY AVENUE,FLINT,48503",0,70
2016-02-12 13:44:21,"2201 W CARPENTER RD APT 214B,FLINT,48505",0,70
2016-02-12 13:20:26,"3615 N CENTER RD,FLINT,48506",0,70
2016-02-12 13:20:23,"902 E COURT ST #304,FLINT,48503",0,70
2016-02-12 13:19:39,"3144 STRATFORD,FLINT,48504",0,70
2016-02-12 13:19:36,"4902 DELTA DRIVE,FLINT,48506",0,70
2016-02-12 13:04:46,"902 E COURT ST #307,FLINT,48503",0,70
2016-02-12 13:04:28,"438 BURROUGHS AVE,FLINT,48507",0,70
2016-02-12 13:00:41,"1307 MCINTOSH LOT # 4011 600,FLINT,48503",0,70
2016-02-11 13:20:28,"1841 SPRINGFIELD,FLINT,48503",0,70
2016-02-11 13:20:00,"2746 MILLIKEN ST,FLINT,48505",0,70
2016-02-11 13:01:17,"3415 BRIARWOOD DR,FLINT,48507",0,70
2016-02-10 14:28:59,"626 W RUTH AVE,FLINT,48505",0,70
2016-02-10 14:28:28,"3701 CRAIG DRIVE,FLINT,48506",0,70
2016-02-10 14:12:35,"301 W ELDRIDGE AVE,FLINT,48505",0,70
2016-02-10 14:11:51,"3222 BRANDON ST,FLINT,48503",0,70
2016-02-09 14:11:33,"2902 WYOMING AVE,FLINT,48506",0,70
2016-02-09 14:10:24,"1432 EAST JUDD RD,BURTON,48529",0,70
2016-02-09 14:10:04,"1409 SUN TERRACE DRIVE,FLINT,48532",0,70
2016-02-09 13:40:56,"1424 SUNNYSIDE AVE,FLINT,48503",0,70
2016-02-09 13:38:18,"905 PINGREE AVE,FLINT,48503",0,70
2016-02-08 13:29:05,"3817 LIPPINCOTT BLVD APT 23,FLINT,48507",0,70
2016-02-08 13:09:05,"6801 DARYLL DR,FLINT,48505",0,70
2016-02-08 13:08:16,"1813 LINCOLN DR,FLINT,48503",0,70
2016-02-07 11:44:23,"2444 VALLEY OAKS CR,FLINT,48532",0,70
2016-02-06 11:43:25,"610 WHITE STREET,FLINT,48505",0,70
2016-02-06 11:42:49,"932 LINCOLN AVE,FLINT,48507",0,70
2016-02-06 11:42:10,"2055 LAVELLE RD,FLINT,48504",0,70
2016-02-06 11:40:37,"4521 MAINES ST,FLINT,48505",0,70
2016-02-06 11:40:30,"1205 LAVENDER AVE,FLINT,48504",0,70
2016-02-06 11:39:28,"G3418 BRANCH RD,FLINT,48506",0,70
2016-02-06 11:39:20,"2802 EPSILON TR,FLINT,",0,70
2016-02-05 13:09:51,"1022 BARLOW AVE APT 1,FLINT,48507",0,70
2016-02-05 13:09:02,"1303 M L KING,,",0,70
2016-02-05 13:06:31,"650 BISHOP AVE,FLINT,48505",0,70
2016-02-05 13:06:01,"2406 E PIERSON RD,FLINT,48506",0,70
2016-02-05 13:05:44,"4006 CLIO RD,FLINT,48504",0,70
2016-02-05 13:05:11,"1011 FARNUM AVE,FLINT,48503",0,70
2016-02-04 13:47:23,"3134 MONTANA,FLINT,48506",0,70
2016-02-04 13:47:08,"5101 N GENESEE RD,FLINT,48506",0,70
2016-02-04 13:23:14,"3130 MCCLURE AVE,FLINT,48506",0,70
2016-02-04 13:22:19,"948 HUBBARD,FLINT,48503",0,70
2016-02-04 13:19:31,"707 PETTIBONE AVE,FLINT,48507",0,70
2016-02-04 13:18:49,"3540 RUEFORET APT #39 RIVER FOREST,FLINT,48532",0,70
2016-02-04 13:15:51,"2010 CONCORD ST,FLINT,48504",0,70
2016-02-04 13:15:34,"G-3247 MACKIN RD,FLINT,48504",0,70
2016-02-04 13:15:19,"460 S SAGINAW APT 501,FLINT,48502",0,70
2016-02-04 13:15:00,"G- 3189W COURT ST APT A,FLINT,48532",0,70
2016-02-04 13:14:54,"2201 W CARPENTER RD APT 301 E,FLINT,48505",0,70
2016-02-04 13:13:15,"2818 HILLCREST AVE,FLINT,48507",0,70
2016-02-04 13:12:56,"3423 RANGEKEY ST APT 5,FLINT,48506",0,70
2016-02-03 14:24:04,"4418 RED ARROW RD,FLINT,48507",0,70
2016-02-03 13:41:04,"3338 SPRING VALLEY DR,FLINT,48504",0,70
2016-02-03 13:41:02,"128 W PIPER,FLINT,",0,70
2016-02-03 13:36:03,"3706 WHITTIER AVE,FLINT,48506",0,70
2016-02-03 13:34:38,"1856 TEBO ST,FLINT,48503",0,70
2016-02-02 14:13:30,"3359 S KEARSLEY BLVD,FLINT,48506",0,70
2016-02-02 14:02:18,"5402 GLEEN AV,FLINT,48505",0,70
2016-02-02 14:02:09,"4110 RED ARROW RD,FLINT,48507",0,70
2016-02-02 13:30:53,"1401 RASPBERRY LANE,FLINT,48507",0,70
2016-02-02 13:30:39,"3010 MARYLAND AVE,FLINT,48506",0,70
2016-02-02 13:29:57,"3117 CHEROKEE,FLINT,48507",0,70
2016-02-02 13:25:09,"3725 PROVIDENCE ST,FLINT,48503",0,70
2016-02-02 13:23:56,"1802 ROCKCREEK DR,FLINT,48507",0,70
2016-02-02 13:21:26,"1809 WOODSLEA DR,FLINT,48507",0,70
2016-02-01 13:32:06,"2017 CALUMET ST,FLINT,48503",0,70
2016-02-01 13:28:01,"996 HUBBARD AVE,FLINT,48503",0,70
2016-02-01 13:24:04,"5810 OXLEY DR,FLINT,48504",0,70
2016-01-31 13:06:36,"518 DELL AVE,FLINT,",0,70
2016-01-31 12:38:34,"3729 JOAL LN,FLINT,48506",0,70
2016-01-31 12:37:50,"1610 S FRANKLIN AVE,FLINT,48504",0,70
2016-01-30 12:32:41,"1830 HAMPDEN RD,FLINT,48503",0,70
2016-01-30 12:32:24,"912 MARKHAM,FLINT,48507",0,70
2016-01-30 12:29:31,"3701 PENBROOK LN APT 16,FLINT,48507",0,70
2016-01-29 13:11:17,"3641 PENBROOK LN APT 4,FLINT,48507",0,70
2016-01-29 13:02:22,"1402 LILLIAN DR,FLINT,48505",0,70
2016-01-29 12:44:26,"3447 BARTH ST,FLINT,48504",0,70
2016-01-29 12:42:21,"4002 BROWNELL BLVD,FLINT,48504",0,70
2016-01-28 13:38:53,"1418 STOCKER AVE,FLINT,48503",0,70
2016-01-28 13:38:48,"4406 HUCKLEBERRY LANE,FLINT,48507",0,70
2016-01-28 13:07:09,"1025 BARRINGTON DR,FLINT,48503",0,70
2016-01-28 13:04:14,"1531 MONTERAY AVE,FLINT,",0,70
2016-01-28 13:03:50,"3809 CRAIG DRIVE,FLINT,48506",0,70
2016-01-27 13:58:30,"221 W RANKIN ST,FLINT,48504",0,70
2016-01-27 13:58:00,"365 BUCKINGHAM AVE,FLINT,48507",0,70
2016-01-27 13:57:59,"1014 SOMERSET LANE,FLINT,48503",0,70
2016-01-27 13:15:53,"3900 HAMMERBERG RD OFC #313,FLINT,48507",0,70
2016-01-27 13:15:26,"3606 CORUNNA RD,FLINT,48532",0,70
2016-01-27 13:15:19,"1416 DUPONT ST,FLINT,48503",0,70
2016-01-27 13:14:36,"2770 YALE ST,FLINT,48503",0,70
2016-01-27 13:10:33,"3102 STONEGATE DR,FLINT,48507",0,70
2016-01-27 13:08:48,"813 FOSS,FLINT,48505",0,70
2016-01-27 13:07:28,"3900 HAMMERBERG RD OFC 129,FLINT,48507",0,70
2016-01-27 13:06:29,"3757 WORCHESTER,FLINT,48503",0,70
2016-01-27 13:01:36,"813 BLANCHARD AVE,FLINT,48503",0,70
2016-01-26 13:47:47,"4120 S GRAND TRAVERSE,FLINT,48507",0,70
2016-01-26 13:47:20,"717 WILBERFORCE LANE,FLINT,48503",0,70
2016-01-26 13:46:10,"1940 WOOD LANE,FLINT,48503",0,70
2016-01-26 12:24:40,"5920 SUSANN ST,FLINT,48505",0,70
2016-01-26 12:24:03,"3737 WORCHESTER DR,FLINT,48503",0,70
2016-01-26 12:23:46,"501 LYON ST #25,FLINT,48503",0,70
2016-01-26 12:22:27,"1416 CALUMET ST,FLINT,48503",0,70
2016-01-26 12:21:17,"3409 DEARBORN AVE,FLINT,48507",0,70
2016-01-26 12:19:07,"3814 CHEYENNE AVENUE,FLINT,48507",0,70
2016-01-25 13:49:27,"1724 CHELSEA CIRCLE,FLINT,48503",0,70
2016-01-25 13:48:33,"5310 CEDAR SHORES CT APT 204,FLINT,48504",0,70
2016-01-25 13:08:27,"1930 LYNBROOK DR,FLINT,48507",0,70
2016-01-25 13:08:24,"3422 SANTA CLARA CT,FLINT,48504",0,70
2016-01-25 13:07:45,"1122 SOUTH DRIVE,FLINT,48503",0,70
2016-01-25 13:07:27,"206 W PIERSON RD,FLINT,48505",0,70
2016-01-25 13:03:58,"417 W. DAYTON ST,FLINT,48505",0,70
2016-01-25 13:03:20,"3602 DALE AVE,FLINT,48506",0,70
2016-01-25 13:02:06,"968 MANN AVE,FLINT,48503",0,70
2016-01-25 13:01:56,"967 DARLING ST,FLINT,48532",0,70
2016-01-25 12:59:45,"611 COPEMAN,FLINT,48503",0,70
2016-01-25 12:59:30,"1402 BERRYWOOD LN,FLINT,48507",0,70
2016-01-25 12:59:27,"3702 GREENBROOK LN,FLINT,48507",0,70
2016-01-25 12:58:43,"6815 CRANWOOD DR,FLINT,",0,70
2016-01-24 12:09:52,"401 W DEWEY ST,FLINT,48505",0,70
2016-01-24 12:08:17,"1224 BOSTON AVE,FLINT,48503",0,70
2016-01-23 12:02:14,"2917 COMANCHE AVE,FLINT,48507",0,70
2016-01-23 12:00:13,"3613 BRIARWOOD DRIVE,FLINT,48507",0,70
2016-01-23 11:59:52,"1215 MARTAIN L KING AVE,FLINT,48503",0,70
2016-01-23 11:57:55,"620 W LYNDON AVE,FLINT,48505",0,70
2016-01-23 11:57:32,"720 WILBERFORCE DRIVE,FLINT,48503",0,70
2016-01-23 11:57:01,"1314 NIAGARA ST,FLINT,48503",0,70
2016-01-22 12:56:37,"1501 RIDGE LAWN AVE,FLINT,48503",0,70
2016-01-22 12:56:26,"3610 ALDON LANE,FLINT,48506-2680",0,70
2016-01-22 12:37:21,"917 EAST FORK DRIVE,FLINT,48503",0,70
2016-01-22 12:36:03,"G-2196 S DYE RD,FLINT,48532",0,70
2016-01-21 16:21:49,"3716 SUNRIDGE DR,FLINT,48506",0,70
2016-01-21 16:21:22,"2216 ARLINGTON AVE,FLINT,48506",0,70
2016-01-21 16:14:00,"2578 THOMAS ST,FLINT,48504",0,70
2016-01-21 16:13:27,"845 SIMCOE AVE,FLINT,48507",0,70
2016-01-21 16:01:39,"1102 W DAYTON STREET,FLINT,48504",0,70
2016-01-21 15:47:00,"1826 PENBROOK LANE,FLINT,48507",0,70
2016-01-21 15:34:00,"1501 WALDMAN AVE,FLINT,48507",0,70
2016-01-21 15:34:00,"1105 NEUBERT AVE,FLINT,48507",0,70
2016-01-21 15:33:00,"5412 DUPONT ST,FLINT,48505",0,70
2016-01-21 15:33:00,"1039 VICTORA,FLINT,48507",0,70
2016-01-21 15:31:00,"4460 MEADOWBROOK DRIVE,FLINT,48506",0,70
2016-01-21 15:31:00,"1505 S FRANKLIN,FLINT,48503",0,70
2016-01-21 15:30:00,"3410 FENTON,FLINT,48507",0,70
2016-01-21 13:43:13,"2711 GIBSON ST,FLINT,",0,70
2016-01-21 13:42:43,"2106 E CARPENTER RD,FLINT,48505",0,70
2016-01-21 13:39:29,"2701 FIELDING ST,FLINT,48503",0,70
2016-01-21 13:39:27,"1509 COLUMBIA DRIVE,FLINT,48503",0,70
2016-01-21 13:36:17,"3209 WALCOTT STREET,FLINT,48504",0,70
2016-01-21 13:34:21,"2863 PROSPECT ST,FLINT,48504",0,70
2016-01-20 13:22:40,"1918 PARK FOREST DR,FLINT,48507",0,70
2016-01-20 13:22:32,"3301 WESTWOOD PKY,FLINT,",0,70
2016-01-20 12:58:41,"1827 PARK FOREST DR,FLINT,48507",0,70
2016-01-19 16:30:43,"4502 CHEYENNE AVE,FLINT,48507",0,70
2016-01-19 16:25:04,"3301 CHEROKEE AVE,FLINT,48507",0,70
2016-01-19 16:18:19,"1721 LAUREN OAK DR,FLINT,48507",0,70
2016-01-19 16:18:10,"1826 BARKS ST,FLINT,48503",0,70
2016-01-15 11:01:38,"1501 MULBERRY LN,,",0,70
2016-01-15 11:00:30,"3202 BEECHWOOD AVE,FLINT,48506",0,70
2016-01-07 15:17:52,"1201 N GRAND TRAVERSE,FLINT,",0,70
2015-10-30 11:17:57,"3734 CRAIG DR,FLINT,48506",0,70
2015-10-13 14:30:47,"1705 LAUREL OAK DR,FLINT,48507",0,70
2015-10-02 09:55:09,"G3139 HOGARTH AVE,FLINT,48532",0,70
2016-02-15 12:49:30,"2101 STEDRON ST APT #347,FLINT,48504",0,60
2016-02-15 12:49:08,"2101 STEDRON ST APT #249,FLINT,49504",0,60
2016-02-15 12:21:57,"2101 STEDRON ST APT #128,FLINT,48504",0,60
2016-02-15 12:21:30,"2101 STEDRON ST APT #351,FLINT,48504",0,60
2016-02-15 12:20:49,"2101 STEDRON ST APT # 206,FLINT,48504",0,60
2016-02-15 12:20:45,"2101 STEDRON ST APT #215,FLINT,48504",0,60
2016-02-15 12:20:41,"2101 STEDRON STREET APT #139,FLINT,48504",0,60
2016-02-15 12:20:30,"2101 STEDRON ST APT #315,FLINT,48504",0,60
2016-02-15 12:20:22,"2101 STEDRON ST APT # 137,FLINT,48504",0,60
2016-02-15 12:19:25,"3514 CLAIRMONT ST,FLINT,48503",0,60
2016-02-15 12:18:10,"2922 ARIZONA AVE,FLINT,48506",0,60
2016-02-14 12:01:52,"4310 CHEYENNE AVE,FLINT,48507",0,60
2016-02-13 12:25:41,"143 BROWNING AVE,FLINT,48507",0,60
2016-02-13 12:25:39,"3225 W LYNDON AVE,FLINT,48504",0,60
2016-02-13 12:25:17,"2414 REID ST,FLINT,48503",0,60
2016-02-13 12:24:49,"401 W CARPENTER RD #5,FLINT,48505",0,60
2016-02-12 13:45:27,"3800 RICHFIELD ROAD 315,FLINT,48506",0,60
2016-02-12 13:43:54,"1120 HUGHES AVE,FLINT,48503",0,60
2016-02-12 13:14:00,"902 E COURT ST #203,FLINT,48503",0,60
2016-02-12 13:13:56,"902 E COURT ST #310,FLINT,48503",0,60
2016-02-12 13:11:31,"2001 N CENTER ROAD #109,FLINT,48506",0,60
2016-02-12 13:05:16,"820 GARLAND ST #38,FLINT,48503",0,60
2016-02-12 13:01:07,"202 E GRACELAWN AVE,FLINT,48505",0,60
2016-02-11 13:20:24,"2601 MOUNTAIN AVE,FLINT,48503",0,60
2016-02-11 13:19:55,"2522 BAGLEY STREET,FLINT,48504",0,60
2016-02-11 13:19:38,"2531 FLUSHING RD,FLINT,48504",0,60
2016-02-11 13:19:21,"402 COLUMBIA LANE,FLINT,",0,60
2016-02-11 13:19:03,"12059 S SAGINAW ST # 2,GRAND BLANC,48439",0,60
2016-02-11 13:00:42,"619 COTTAGE GROVE,,48504",0,60
2016-02-10 14:41:23,"2035 S DEXTER,FLINT,48503",0,60
2016-02-10 14:28:46,"512 W FIFTH ST,FLINT,48503",0,60
2016-02-10 14:28:30,"2917 ALPHA WAY,FLINT,48506",0,60
2016-02-10 14:14:07,"2801 S DORT HWY LOT K12,FLINT,48507",0,60
2016-02-09 14:10:59,"3383 HAMMERBERG,FLINT,48507",0,60
2016-02-09 13:42:52,"330 BROWNING AVE,FLINT,48507",0,60
2016-02-09 13:41:32,"2741 THOMAS ST,FLINT,48504",0,60
2016-02-09 13:40:11,"3144 MARYLAND AVE,FLINT,48506",0,60
2016-02-09 13:39:00,"301 E 1ST ST,FLINT,48502",0,60
2016-02-08 13:29:21,"1830 SPRINGFIELD ST,FLINT,48503",0,60
2016-02-08 13:28:58,"4901 N SAGINAW ST,FLINT,48505",0,60
2016-02-08 13:09:28,"2101 WABASH AVE,FLINT,48504",0,60
2016-02-08 13:07:59,"1209 MAXINE ST,FLINT,48503",0,60
2016-02-08 13:07:37,"3721 GREENBROOK LN,FLINT,48507",0,60
2016-02-08 13:06:19,"669 E PHILADELPHIA BLVD,FLINT,48505",0,60
2016-02-08 13:05:05,"2013 WINONA ST,FLINT,48504",0,60
2016-02-08 13:04:46,"1917 PARK FOREST,FLINT,48507",0,60
2016-02-07 12:26:11,"2407 OHIO AVE,FLINT,48506",0,60
2016-02-07 12:25:45,"3834 PITKIN AVE,FLINT,48506",0,60
2016-02-07 11:45:38,"135 W PATERSON,FLINT,48503",0,60
2016-02-07 11:45:06,"1802 W PASADENA AVE,FLINT,48504",0,60
2016-02-06 11:43:16,"3723 DAKOTA AVE,FLINT,48506",0,60
2016-02-06 11:42:52,"2626 TERRACE DR,FLINT,48507",0,60
2016-02-06 11:42:41,"5062 ROSSWAY DR,FLINT,48506",0,60
2016-02-06 11:39:26,"809 VERMILYA AVE,FLINT,48507",0,60
2016-02-06 11:39:14,"3814 GOREY (INTERSTATE BATTERY OF F,FLINT,48506",0,60
2016-02-05 13:34:10,"2126 NEBRASKA AVE,FLINT,48506",0,60
2016-02-05 13:09:17,"4225 CALKINS ROAD,FLINT,48532",0,60
2016-02-05 13:09:15,"521 KENSINGTON AVE,FLINT,48503",0,60
2016-02-05 13:07:12,"3708 KLAIN,FLINT,48506",0,60
2016-02-05 13:06:49,"3114 WYOMING AVE,FLINT,48506",0,60
2016-02-05 13:05:29,"417 LYON ST,FLINT,",0,60
2016-02-05 13:03:53,"3840 KENT,FLINT,48503",0,60
2016-02-05 13:03:04,"417 WEST JAMIESON ST,FLINT,48505",0,60
2016-02-04 13:23:50,"1510 W MOTT AVE,FLINT,48505",0,60
2016-02-04 13:23:25,"4924 THETA PASS,FLINT,48506",0,60
2016-02-04 13:22:48,"3724 DAKOTA AVE,FLINT,48506",0,60
2016-02-04 13:22:39,"4403 DAVISON RD,BURTON,48509",0,60
2016-02-04 13:19:30,"3406 BENNETT AVE,FLINT,48506",0,60
2016-02-04 13:18:40,"208 W BELVIDERE AVE,FLINT,48503",0,60
2016-02-04 13:18:23,"724 BLANCHARD AVE,FLINT,48503",0,60
2016-02-04 13:17:46,"526 E HOME AVE,FLINT,48505",0,60
2016-02-04 13:15:54,"765 E HAMILTON AVE,FLINT,48505",0,60
2016-02-04 13:13:17,"1861 SPRINGFIELD ST,FLINT,48503",0,60
2016-02-04 13:13:12,"4610 MILTON DR,FLINT,48507",0,60
2016-02-03 13:41:25,"3317 CLOVERTREE LANE,FLINT,48532",0,60
2016-02-03 13:41:08,"3802 BURGESS ST,FLINT,48504",0,60
2016-02-03 13:40:47,"510 W BUNDY,FLINT,",0,60
2016-02-03 13:40:18,"1201 N GRAND TRAVERS,FLINT,48503",0,60
2016-02-03 13:38:17,"1932 BAYBERRY LANE,FLINT,48507",0,60
2016-02-03 13:37:03,"607 E SECOND AVE APT 413,FLINT,48502",0,60
2016-02-03 13:35:03,"803 AVON,FLINT,",0,60
2016-02-02 14:13:36,"5320 DEARING DR,FLINT,48506",0,60
2016-02-02 14:03:06,"1187 RIVER VALLEY DRIVE #10,FLINT,48532",0,60
2016-02-02 14:02:47,"2116 KENT ST,FLINT,48503",0,60
2016-02-02 14:02:07,"1445 CONNELL ST,BURTON,48529",0,60
2016-02-02 14:01:43,"526 W FOSS AVE,FLINT,48505",0,60
2016-02-02 13:31:00,"2048 CHELAN ST,FLINT,48503",0,60
2016-02-02 13:30:54,"3501 MACKIN ROAD,FLINT,48504",0,60
2016-02-02 13:30:36,"2438 WISCONSIN AVE,FLINT,48506",0,60
2016-02-02 13:27:58,"3702 EAST HAMPTON DR,FLINT,48503",0,60
2016-02-02 13:27:54,"811 BUCKINGHAM,FLINT,48507",0,60
2016-02-02 13:27:46,"5048 CHALAN ST,FLINT,48503",0,60
2016-02-02 13:23:49,"1902 GREENBRIAR LANE,FLINT,48507",0,60
2016-02-02 13:23:44,"2455 MURPHY RD,FLINT,48504",0,60
2016-02-02 13:22:11,"537 E DEWEY STREET,FLINT,48505",0,60
2016-02-02 13:21:53,"2145 LINDEN RD,FLINT,48532",0,60
2016-02-02 13:21:51,"1510 STEWART,FLINT,48505",0,60
2016-02-02 13:21:02,"712 COMMONWEALTH AVE,FLINT,48503",0,60
2016-02-02 13:19:57,"2014 GOLD AVE,FLINT,48503",0,60
2016-02-02 13:19:24,"2717 GOLFSIDE LANE,FLINT,48504",0,60
2016-02-02 13:18:51,"312 SHEFFIELD AVE,FLINT,48503",0,60
2016-02-01 14:32:06,"1616 BELLCREEK DR,FLINT,48504",0,60
2016-02-01 13:31:25,"4492 MOLLWOOD,FLINT,48506",0,60
2016-02-01 13:31:18,"1834 LAUREL OAK DRIVE,FLINT,48507",0,60
2016-02-01 13:31:01,"3801 WHITNEY AVE,FLINT,48532",0,60
2016-02-01 13:30:06,"2801 THOMAS ST,FLINT,48504",0,60
2016-02-01 13:27:28,"3214 CHEYENNE AVE,FLINT,48507",0,60
2016-02-01 13:26:57,"212 W 13TH ST,FLINT,48503",0,60
2016-02-01 13:24:35,"701 ALGONQUIN AVE,FLINT,48507",0,60
2016-02-01 13:24:08,"1340 AVE A,FLINT,48503",0,60
2016-02-01 13:23:36,"2611 E PIERSON RD,FLINT,",0,60
2016-01-31 13:06:18,"4613 MILTON DR,FLINT,48507",0,60
2016-01-31 13:05:30,"1702 LYNBROOK DR,FLINT,48507",0,60
2016-01-31 12:37:49,"1840 HOSLER STREET,FLINT,48503",0,60
2016-01-30 12:31:33,"533 KELSO ST,FLINT,48506",0,60
2016-01-30 12:29:28,"1110 W ATHERTON RD,FLINT,48507",0,60
2016-01-29 13:02:58,"1810 TERRACE DR,FLINT,48507",0,60
2016-01-29 13:02:45,"2425 PLAINFIELD AVE,FLINT,48506",0,60
2016-01-29 12:44:39,"737 E ALMA AVE,FLINT,48505",0,60
2016-01-29 12:43:45,"625 WEST HOLBROOK,FLINT,48505",0,60
2016-01-29 12:41:35,"1942 HOSLER,FLINT,48507",0,60
2016-01-29 12:40:55,"1960 MILLER RD,FLINT,48503",0,60
2016-01-28 13:40:43,"3606 CIRCLE DR,FLINT,48507",0,60
2016-01-28 13:39:33,"5286 CEDARSHORES,FLINT,48504",0,60
2016-01-28 13:38:55,"4914 MIAMI LN,FLINT,48504",0,60
2016-01-28 13:07:25,"2026 MCPHAIL ST,FLINT,48503",0,60
2016-01-28 13:07:10,"1104 NORMANDY,FLINT,48532",0,60
2016-01-28 13:07:02,"3613 SHERRY DR,FLINT,48506",0,60
2016-01-28 13:04:13,"3930 LARCHMONT,FLINT,48504",0,60
2016-01-28 13:03:43,"1813 ECKLEY AVE,FLINT,48503",0,60
2016-01-28 13:03:27,"5801 BRANCH RD,FLINT,48506",0,60
2016-01-27 14:10:04,"808 W PIERSON RD,FLINT,48505",0,60
2016-01-27 13:58:22,"3900 HAMMERBERG RD #224,FLINT,48507",0,60
2016-01-27 13:57:53,"3900 HAMMERBERG RD #217,FLINT,48505",0,60
2016-01-27 13:15:31,"4518 HUCKLEBERRY LANE,FLINT,48507",0,60
2016-01-27 13:15:04,"2001 GILMARTIN ST,FLINT,48503",0,60
2016-01-27 13:10:20,"3900 HAMMERBERG RD,FLINT,48507",0,60
2016-01-27 13:09:53,"3900 HAMMERBERG RD OFC,FLINT,48507",0,60
2016-01-27 13:08:36,"3033 AYRES CT,FLINT,48506",0,60
2016-01-27 13:07:30,"3900 HAMMERBERG RD OFC 108,FLINT,48507",0,60
2016-01-27 13:07:24,"3900 HAMMERBERG RD OFC 104,FLINT,48507",0,60
2016-01-27 13:06:33,"1130 OSSINGTON,FLINT,48507",0,60
2016-01-27 13:01:51,"2633 HILLCREST AVE,FLINT,48507",0,60
2016-01-27 13:01:40,"6622 SALLY CT,FLINT,48505",0,60
2016-01-27 13:01:33,"809 BLANCHARD,FLINT,48503",0,60
2016-01-27 13:01:14,"3132 COLORADO AVE,FLINT,48506",0,60
2016-01-26 13:57:59,"1616 BLACKBERRY LN,FLINT,48507",0,60
2016-01-26 13:57:51,"3143 MAYWOOD DRIVE,FLINT,48504",0,60
2016-01-26 13:57:41,"1229 FLOYD J MCCREE DR,FLINT,48503",0,60
2016-01-26 13:57:30,"5185 DON SHENK DR,SWARTZ CREEK,48473",0,60
2016-01-26 13:57:29,"3802 WHITTIER,FLINT,48506",0,60
2016-01-26 13:47:08,"2833 YALE ST,FLINT,48503",0,60
2016-01-26 13:46:50,"1121 KENSINGTON AVENUE,FLINT,48503",0,60
2016-01-26 13:46:44,"742 CAMPBELL APT #A,FLINT,48507",0,60
2016-01-26 13:46:29,"1940 W HEMPHILL RD,FLINT,48507",0,60
2016-01-26 12:27:53,"1310 YORKTOWN DR,FLINT,48532",0,60
2016-01-26 12:26:36,"602 BURROUGHS AVE,FLINT,48507",0,60
2016-01-26 12:26:35,"5702 SUSAN ST,FLINT,48505",0,60
2016-01-26 12:25:11,"1801 LIPPINCOTT,FLINT,48503",0,60
2016-01-26 12:24:07,"2927 EPSILON TRAIL,FLINT,48506",0,60
2016-01-26 12:23:42,"2424 OHIO AVE,FLINT,48506",0,60
2016-01-26 12:23:38,"3901 HAMMERBERG RD APT B6,FLINT,48507",0,60
2016-01-26 12:23:32,"423 S VERNON AVE,FLINT,48503",0,60
2016-01-26 12:21:45,"702 HURON ST,FLINT,48507",0,60
2016-01-25 13:50:10,"1925 CASTLE LANE,FLINT,48504",0,60
2016-01-25 13:48:52,"1201 NEUBERT AVE,FLINT,",0,60
2016-01-25 13:05:25,"1621 BLACKBERRY LANE,FLINT,48507",0,60
2016-01-25 13:04:09,"1941 G LMARTIN ST,FLINT,48503",0,60
2016-01-25 13:03:26,"3514 HOLLY AVENUE,FLINT,48506",0,60
2016-01-25 13:03:19,"3414 DALE AVE,FLINT,48506",0,60
2016-01-25 13:02:25,"3817 DELAWARE AVE,FLINT,48506",0,60
2016-01-25 13:00:14,"3713 FLEMING RD,FLINT,48504",0,60
2016-01-25 12:59:50,"3621 ARLENE,FLINT,48532",0,60
2016-01-25 12:58:29,"1655 LEITH STREET APT #1,FLINT,48506",0,60
2016-01-24 12:13:54,"513 SHEFFIELD AVENUE,FLINT,48503",0,60
2016-01-24 12:13:50,"1811 PARK FRONT DR,FLINT,48505",0,60
2016-01-24 12:13:22,"4319 CHEYENNE AVE,FLINT,48507-2823",0,60
2016-01-24 12:12:54,"4090 RICHFIELD RD,FLINT,48506",0,60
2016-01-24 12:09:28,"1227 W HOME,FLINT,48505",0,60
2016-01-23 12:02:55,"206 COMMONWEALTH AVE,FLINT,48503",0,60
2016-01-23 11:58:13,"3237 MC CLURE AVE,FLINT,",0,60
2016-01-22 13:12:12,"208 SUNCREST DR. APT 208,FLINT,48504",0,60
2016-01-22 12:56:43,"1525 ML KING,FLINT,48503",0,60
2016-01-22 12:56:25,"5501 DUPONT ST,FLINT,48505",0,60
2016-01-22 12:56:06,"2802 PLAINFIELD AVE,FLINT,48505",0,60
2016-01-22 12:56:00,"3905 ZIMMERMAN ST,FLINT,48532",0,60
2016-01-22 12:55:48,"4302 WESTERN ROAD- LOT 13,FLINT,48506",0,60
2016-01-22 12:38:50,"2425 FLUSHING RD,FLINT,48504",0,60
2016-01-22 12:38:48,"1526 MULBERRY LN,FLINT,48507",0,60
2016-01-22 12:38:05,"2001 OXFORD LN,FLINT,48503",0,60
2016-01-22 12:37:39,"G3418 BRANCH RD,FLINT,48506",0,60
2016-01-22 12:34:56,"1829 VALLEY LANE,FLINT,48503",0,60
2016-01-21 16:32:59,"G3342 FENTON RD,FLINT,48507",0,60
2016-01-21 16:32:57,"420 BUCKINGHAM AVE,FLINT,48507",0,60
2016-01-21 16:21:25,"3009 DAKOTA AVE,FLINT,48506",0,60
2016-01-21 16:21:05,"129 RIVER BANK DR,FLINT,48505",0,60
2016-01-21 16:20:31,"801 ADDISON ST,FLINT,48505",0,60
2016-01-21 16:13:09,"2615 DUPONT ST,FLINT,48504",0,60
2016-01-21 16:00:19,"910 DELL AVE,FLINT,48507",0,60
2016-01-21 16:00:06,"1510 GREENBROOK LN,FLINT,48507",0,60
2016-01-21 15:59:53,"3129 MALLERY,FLINT,48504",0,60
2016-01-21 15:34:00," FLUSHING RD,FLINT,",0,60
2016-01-21 15:33:00,"713 LELAND ST,FLINT,48507",0,60
2016-01-21 15:33:00,"3748 DAKOTA AVE,FLINT,48506",0,60
2016-01-21 15:31:00,"3806 SUNRIDGE DR,FLINT,48506",0,60
2016-01-21 15:30:00,"2927 MEISNER AVE,FLINT,48506",0,60
2016-01-21 15:30:00,"2310 CRESTBROOK,FLINT,48507",0,60
2016-01-21 15:30:00,"1001 E ATHERTON RD,FLINT,48507",0,60
2016-01-21 13:42:28,"3706 SUNRIDGE DRIVE,FLINT,",0,60
2016-01-21 13:41:13,"918 GLENBROOK CIRCLE APT C,FLINT,48503",0,60
2016-01-21 13:40:17,"1402 BLUEBERRY LANE,FLINT,",0,60
2016-01-21 13:37:02,"3018 CHEYENNE AVE,FLINT,48507",0,60
2016-01-21 13:36:51,"4515 LYNBROOK,FLINT,48507",0,60
2016-01-21 13:36:35,"415 W. 4TH AVE,FLINT,48503",0,60
2016-01-21 13:34:54,"805 LELAND ST,FLINT,48507",0,60
2016-01-21 13:34:42,"3221 BUICK ST APT 96,FLINT,48505",0,60
2016-01-21 13:34:18,"1188 RIVER VALLEY DR #12,FLINT,",0,60
2016-01-21 13:33:08,"2022 FENMORE DR,FLINT,48504",0,60
2016-01-21 13:33:00,"1814 W HOME AVE,FLINT,48504",0,60
2016-01-20 13:23:26,"607 E 2ND AVE APT 814,FLINT,48502",0,60
2016-01-20 13:23:22,"3045 AYRE COURT,FLINT,48506",0,60
2016-01-20 12:58:32,"629 W RUTH,FLINT,48505",0,60
2016-01-19 16:18:14,"2617 PINETREE DR,FLINT,48507",0,60
2016-01-19 16:18:13,"3418 SANTA CLARA CT,FLINT,48504",0,60
2016-01-15 11:02:57,"4805 FENTON RD,FLINT,48507",0,60
2016-01-15 11:01:58,"607 E SECOND AVE #514,FLINT,48502",0,60
2016-01-07 15:18:06,"1201 N GRAND TRAVERSE,FLINT,",0,60
2016-01-07 15:18:02,"1201 N GRAND TRAVERSE,FLINT,",0,60
2016-01-07 15:17:53,"1201 N GRAND TRAVERSE,FLINT,",0,60
2016-01-07 15:17:43,"1201 N GRAND TRAVERSE,FLINT,",0,60
2016-01-07 15:17:40,"1201 N GRAND TRAVERSE,FLINT,",0,60
2016-01-07 15:17:06,"516 LAFAYETTE ST,FLINT,",0,60
2015-12-10 15:08:00,"3401 MILLER RD,FLINT,48503",0,60
2015-11-09 15:02:36,"3841 LORRAINE AVE,FLINT,48506",0,60
2015-10-30 11:18:02,"3738 CRAIG DR,FLINT,48506",0,60
2015-10-16 08:30:07,"932 INGLESIDE,FLINT,48507",0,60
2015-10-06 12:07:56,"2400 N SAGINAW BLDG C,FLINT,48505",0,60
2016-02-05 13:08:41,"2906 THOM ST,FLINT,48506",0,52
2016-02-16 08:56:11,"2318 BARTH ST,,48504",0,50
2016-02-15 12:49:33,"2101 STEDRON ST APT #200,FLINT,48504",0,50
2016-02-15 12:49:13,"2101 STEDRON ST APT #350,FLINT,48504",0,50
2016-02-15 12:21:41,"2101 STEDRON ST APT #236,FLINT,48504",0,50
2016-02-15 12:21:40,"2101 STEDRON ST APT #318,FLINT,48504",0,50
2016-02-15 12:21:24,"2101 STEDRON ST APT #135,FLINT,48504",0,50
2016-02-15 12:21:02,"2101 STEDRON ST APT #100,FLINT,48504",0,50
2016-02-15 12:21:00,"2101 STEDRON ST APT #140,FLINT,48504",0,50
2016-02-15 12:20:31,"2101 STEDRON ST APT #352,FLINT,48504",0,50
2016-02-15 12:19:06,"1601 GREENBROOK LN,FLINT,48507",0,50
2016-02-15 12:18:54,"618 WEST UNIVERSITY AVENUE,FLINT,48503",0,50
2016-02-14 12:02:30,"3018 DEARBORN AVE,FLINT,48507",0,50
2016-02-13 12:29:23,"2618 LESTER CT,FLINT,48503",0,50
2016-02-13 12:24:35,"3101 HATHERLY AVE,FLINT,48504",0,50
2016-02-13 12:24:30,"6309 KAREN DR,FLINT,48504",0,50
2016-02-12 13:44:38,"439 VIKKI LANE,MT MORRIS,48458",0,50
2016-02-12 13:44:31,"3192 ECKINGER ST,FLINT,48506",0,50
2016-02-12 13:19:02,"3541 CRAIG DR,FLINT,48506",0,50
2016-02-12 13:18:36,"1005 MAXINE ST,FLINT,48503",0,50
2016-02-12 13:15:29,"902 E COURT ST #505,FLINT,48503",0,50
2016-02-12 13:10:41,"2001 N CENTER #128,FLINT,48506",0,50
2016-02-12 13:05:39,"820 GARLAND ST #5,FLINT,48503",0,50
2016-02-12 13:05:21,"820 GARLAND ST #49,FLINT,48503",0,50
2016-02-12 13:04:06,"3800 RICHFIELD ROAD 224,FLINT,48506",0,50
2016-02-12 13:01:45,"313 W YORK AVE,FLINT,48505",0,50
2016-02-11 13:19:59,"1624 BLACKBERRY LN,FLINT,48507",0,50
2016-02-11 13:03:13,"3437 BRENT AVE,FLINT,48506",0,50
2016-02-11 13:01:00,"1316 MLK BLVD APT A,FLINT,48503",0,50
2016-02-10 14:13:29,"914 EASTWOOD ST,FLINT,48503",0,50
2016-02-10 14:12:36,"2602 TERRACE  DRIVE,FLINT,48507",0,50
2016-02-10 14:11:32,"3023 HATHERLY AVE,FLINT,48504",0,50
2016-02-09 13:40:23,"3406 YALE ST,FLINT,48503",0,50
2016-02-09 13:39:25,"2609 WESTWOOD PKWY,FLINT,48503",0,50
2016-02-09 13:39:07,"3421 N CENTER RD,FLINT,48506",0,50
2016-02-09 13:38:55,"2111 N CENTER RD,FLINT,48506",0,50
2016-02-08 13:28:45,"2201 W CARPENTER RD APT 201B,FLINT,48505",0,50
2016-02-08 13:09:00,"4808 WASHINGTON DRIVE,FLINT,48504",0,50
2016-02-08 13:08:21,"627 ALVORD AVE,FLINT,48507",0,50
2016-02-08 13:05:04,"826 FRANK ST,FLINT,48504",0,50
2016-02-07 11:45:02,"814 MCKEIGHAN AVE,FLINT,48507",0,50
2016-02-06 11:40:12,"1001 KENSINGTON AVE,FLINT,48503",0,50
2016-02-06 11:40:03,"4234 LEERDA ST,FLINT,48504",0,50
2016-02-05 13:33:23,"1381 TREMONT AVE,FLINT,48505",0,50
2016-02-05 13:07:25,"1925 OWEN ST.,FLINT,48503",0,50
2016-02-05 13:03:23,"1814 GREENBRIAR LN,FLINT,48507",0,50
2016-02-04 13:15:49,"3541 YALE ST,FLINT,48503",0,50
2016-02-04 13:13:23,"5297 VAN SLYKE RD,FLINT,48507",0,50
2016-02-04 13:12:53,"1910 PARK FOREST,FLINT,48507",0,50
2016-02-03 14:24:10,"902 E COURT ST,FLINT,48503",0,50
2016-02-03 13:43:22,"6601 EAST MONT DR,FLINT,",0,50
2016-02-03 13:42:42,"2519 NORBERT ST,FLINT,48504",0,50
2016-02-03 13:41:46,"902 MCKEIGHAN AVE,FLINT,48507",0,50
2016-02-03 13:41:10,"6826 PARKBELT DR,FLINT,48505",0,50
2016-02-03 13:40:41,"6502 KAREN DR,FLINT,48504",0,50
2016-02-03 13:40:37,"4308 DOLAN DR,FLINT,48504",0,50
2016-02-03 13:39:11,"328 SHEFFIELD AVE,FLINT,48503",0,50
2016-02-03 13:37:49,"709 STEVENSON APT 18,FLINT,48504",0,50
2016-02-03 13:37:25,"1002 SOMERSET LN,FLINT,48503",0,50
2016-02-03 13:37:07,"G-3376 N CENTER RD,FLINT,48506",0,50
2016-02-03 13:35:19,"3813 PALMER AVE,FLINT,",0,50
2016-02-03 13:35:15,"3935 LARCHMONT ST,FLINT,48532",0,50
2016-02-03 13:34:39,"921 UNIVERITY AVE,FLINT,48504",0,50
2016-02-02 14:02:55,"1823 TERRACE COURT,FLINT,48507",0,50
2016-02-02 14:02:37,"3625 HOGARTH AVE,FLINT,48532",0,50
2016-02-02 13:30:50,"718 E MOTT,FLINT,48505",0,50
2016-02-02 13:30:06,"301 EAST RIDGEWAY AVE,FLINT,48505",0,50
2016-02-02 13:29:40,"1317 STOCKER AVE,FLINT,48053",0,50
2016-02-02 13:24:21,"3709 RISEDORPH AVE,FLINT,48506",0,50
2016-02-02 13:21:07,"3710 BRENTWOOD DR,FLINT,48503",0,50
2016-02-02 13:19:30,"1025 KENSINGTON AVE,FLINT,48503",0,50
2016-02-02 13:19:03,"2120 MILLER RD,FLINT,48503",0,50
2016-02-01 13:32:04,"4500 N DORT HWY,FLINT,48505",0,50
2016-02-01 13:28:51,"1514 KENSINGTON AVE,FLINT,48503",0,50
2016-02-01 13:27:42,"3841 WOODROW AVE,FLINT,48506",0,50
2016-02-01 13:24:37,"1909 PARK FOREST DR,FLINT,48507",0,50
2016-01-31 13:05:11,"902 EAST 8TH STREET,FLINT,48503",0,50
2016-01-31 12:38:28,"2910 LEITH ST,FLINT,48506",0,50
2016-01-31 12:37:11,"811 FISK DRIVE,FLINT,48503",0,50
2016-01-31 12:37:05,"2914 N DEXTER ST,FLINT,48506",0,50
2016-01-29 13:03:21,"1021 BLANCHARD,FLINT,48503",0,50
2016-01-29 12:41:09,"3718 LARCHMONT ST,FLINT,48532",0,50
2016-01-28 13:37:36,"3254 RICHFIELD CT,FLINT,48506",0,50
2016-01-28 13:03:48,"2925 COLORADO AVE,FLINT,48506",0,50
2016-01-27 14:11:30,"905 BUCKINGHAM AVE,FLINT,48507",0,50
2016-01-27 14:10:28,"3354 TIMBERVIEW,FLINT,48532",0,50
2016-01-27 14:10:00,"3519 HUGGINS?,FLINT,48506",0,50
2016-01-27 13:56:50,"2415 TUSCOLA,FLINT,48503",0,50
2016-01-27 13:14:46,"2806 E PIERSON,FLINT,48506",0,50
2016-01-27 13:14:17,"2011 STONEY BROOK,FLINT,48507",0,50
2016-01-27 13:09:44,"3900 HAMMBERBERG RD OFC,FLINT,48507",0,50
2016-01-27 13:08:39,"349 E SHERMAN AVE,FLINT,",0,50
2016-01-27 13:06:41,"2006 W COURT ST,FLINT,48503",0,50
2016-01-27 13:02:54,"3341 MALLERY ST,FLINT,48504",0,50
2016-01-27 13:01:39,"1401 POPLAR ST,FLINT,48503",0,50
2016-01-26 13:58:04,"2201 W CARPENTER RD 311A,FLINT,48505",0,50
2016-01-26 13:57:40,"3509 SENECA ST,FLINT,48504",0,50
2016-01-26 13:46:18,"3383 HAMMERBERG,FLINT,48507",0,50
2016-01-26 12:27:51,"3630 PINGREE AVE,FLINT,48503",0,50
2016-01-26 12:27:45,"1190 E ALMA AVE,FLINT,48505",0,50
2016-01-26 12:27:11,"818 W HEMPHILL,FLINT,48507",0,50
2016-01-26 12:27:07,"506 E. PIERSON RD,FLINT,48505",0,50
2016-01-26 12:27:00,"7020 INDUSTRIAL AVE,FLINT,48505",0,50
2016-01-26 12:26:33,"1315 BOLAN DR,FLINT,48505",0,50
2016-01-26 12:25:03,"63450 BRANCH RD,FLINT,48506",0,50
2016-01-26 12:24:37,"618 EDMUND ST,FLINT,48505",0,50
2016-01-26 12:24:36,"1123 LAVENDER AVE,FLINT,48504",0,50
2016-01-26 12:24:06,"810 MC KINLEY AVE,FLINT,48507",0,50
2016-01-26 12:19:42,"3255 W RIDGEWAY AVE,FLINT,48504",0,50
2016-01-26 12:18:32,"816 TACKEN ST,FLINT,48532",0,50
2016-01-25 13:48:34,"4382 S HILLCREST CIR,FLINT,48506",0,50
2016-01-25 13:08:36,"309 W RUTH,FLINT,48505",0,50
2016-01-25 13:05:05,"1854 SPRINGSFIELD ST,FLINT,48503",0,50
2016-01-25 12:58:57,"1118 VERMILYA AVE,FLINT,48507",0,50
2016-01-24 12:13:12,"1426 MULBERRY LANE,FLINT,48507",0,50
2016-01-24 12:08:21,"210 COMMONWEALTH AVE,FLINT,48503",0,50
2016-01-23 12:02:20,"3711 FOXCROFT CIRCLE,FLINT,48503",0,50
2016-01-23 11:59:15,"3926 LARCHMONT ST,FLINT,48532",0,50
2016-01-23 11:57:07,"2602 CLIO RD,FLINT,48504",0,50
2016-01-22 13:12:32,"1520 W. HOME AVE,FLINT,48505",0,50
2016-01-22 12:57:19,"1858 LAUREL OAK DR,FLINT,48507",0,50
2016-01-22 12:57:03,"3075 CLARENDON ST,FLINT,48504",0,50
2016-01-22 12:56:56,"3218 SALISHAN CIRCLE,FLINT,48506",0,50
2016-01-22 12:37:50,"2825 HAMPSTEAD DR,FLINT,48506",0,50
2016-01-22 12:34:46,"3406 CHAMBERS ST,FLINT,48507",0,50
2016-01-21 16:00:39,"1212 WOODLAWN PARK DR,FLINT,48503",0,50
2016-01-21 15:47:00,"6514 HILLCROFT DR,FLINT,",0,50
2016-01-21 15:33:00,"2802 SLOAN ST,FLINT,48504",0,50
2016-01-21 15:33:00,"3743 KENT ST,FLINT,48503",0,50
2016-01-21 15:31:00,"3413 HUGGINS AVE,FLINT,48506",0,50
2016-01-21 15:31:00,"1710 INDIANA AVE,FLINT,48506",0,50
2016-01-21 15:30:00,"2802 WINDCLIFF TR,FLINT,48506",0,50
2016-01-21 15:30:00,"3175 RICHFIELD RD,FLINT,48506",0,50
2016-01-21 13:44:01,"3706 SHERRY DR,FLINT,48506",0,50
2016-01-21 13:42:58,"2306 ZIMMERMAN,FLINT,48503",0,50
2016-01-21 13:42:56,"3536 PROVIDENCE ST,FLINT,48503",0,50
2016-01-21 13:42:38,"5709 BALDWIN BLVD,FLINT,48505",0,50
2016-01-21 13:41:07,"2601 OHIO AVE,FLINT,48506",0,50
2016-01-21 13:41:04,"3225 LEITH STREET,FLINT,48506",0,50
2016-01-21 13:40:58,"5611 BALSAM LN,FLINT,48505",0,50
2016-01-21 13:40:47,"147 E HOME,FLINT,48505",0,50
2016-01-21 13:40:29,"1006 SOUTHLAWN AVE,FLINT,48507",0,50
2016-01-21 13:40:14,"2802 DEARBORN AVE,FLINT,",0,50
2016-01-21 13:40:08,"3328 STONEGATE DR,FLINT,48507",0,50
2016-01-21 13:37:42,"2614 TERRACE DR,FLINT,48507",0,50
2016-01-21 13:37:05,"4402 HUCKLEBERRY LN,FLINT,48507",0,50
2016-01-21 13:36:18,"335 E. RIDGEWAY AVE,FLINT,48505",0,50
2016-01-21 13:33:45,"631 CRAWFORD ST,FLINT,48507",0,50
2016-01-20 13:22:30,"3209 PENCOMBE PLACE,FLINT,48503",0,50
2016-01-20 13:05:59,"1820 CHELSEA CIRCLE,FLINT,48503",0,50
2016-01-20 12:58:35,"4401 SHAWNEE AVE,FLINT,48507",0,50
2016-01-19 16:27:33,"2001 N CENTER RD APT 209,FLINT,48506",0,50
2016-01-19 16:25:55,"2521 WOODROW AVE,FLINT,48506",0,50
2016-01-19 16:18:59,"2801 LIPPINCOTT,FLINT,48507",0,50
2016-01-19 08:30:43,"1714 BARBARA DR,FLINT,48504",0,50
2016-01-15 11:02:48,"1433 ELDORADO DR,,",0,50
2016-01-15 11:00:48,"3115 LAWNDALE,FLINT,",0,50
2016-01-07 15:18:11,"1201 N GRAND TRAVERSE,FLINT,",0,50
2016-01-07 15:17:44,"1201 N GRAND TRAVERSE,FLINT,",0,50
2015-12-29 15:13:40,"1201 N GRAND TRAVERSE N,FLINT,",0,50
2015-12-02 14:42:02,"420 GREENFIELD AVE,FLINT,48503",0,50
2015-11-24 15:03:52,"1608 BROAD COURT,FLINT,48503",0,50
2015-11-18 14:32:56,"4117 TRUMBULL AVE,FLINT,",0,50
2015-11-18 14:32:53,"6310 FLEMING RD,FLINT,48504",0,50
2015-10-20 15:07:07,"5905 MARLOWE DR,FLINT,48504",0,50
2015-10-13 14:30:20,"1401 WOODLAWN PARK DR,FLINT,48503",0,50
2015-10-01 11:10:38,"3617 CHURCHILL AVE,FLINT,48506",0,50
2016-02-16 08:57:31,"2000 BAGLEY ST,FLINT,48504",0,0
2016-02-16 08:57:15,"1317 MIEKIN RD,FLINT,48503",0,0
